Afghanistan,389283460,5.4E-05,3.9E-05,3.1E-05,7.7E-05,4.6E-05,2.3E-05,1.5E-05,6.2E-05,1.3E-05,2.1E-05,2.1E-05,8E-06,2.8E-05,2.1E-05,1.8E-05,3E-06,3E-06,5E-06,2.8E-05,3.1E-05,1.5E-05,2.3E-05,1.3E-05,1E-05,3E-06,3.9E-05,4.4E-05,1E-05,1.3E-05,1.3E-05,5E-06,1.3E-05,1.5E-05,8E-06,5E-06,2.3E-05,1.3E-05,1.3E-05,3.3E-05,1E-05,1E-05,1E-05,5E-06,3E-06,1.8E-05,8E-06,1E-05,3E-06,5E-06,1E-05,0,8E-06,8E-06,0,0,1.3E-05,5E-06,5E-06,8E-06,0,8E-06,0,3E-06,0,8E-06,1E-05,0,3E-06,0,5E-06,0,0,0,0,0,0,5E-06,3E-06,0,0,3E-06,0,0,0,0,0,0,0,0,0,0,0,0,0,0,0,0,0,0,0,0,0,0,0,0,0,0,0,0,0,0,0,0,0,0,0,0,0,0,0,0,0,0,0,0,0,0,0,0,0,0,0,0,0,0,0,0,0,0
Albania,28777970,0,0,0,0,3.5E-05,0,0,0,0,0,0,0,0,0,0,3.5E-05,0,3.5E-05,0,0,0,0,0,0,0,0,0,0,0,0,0,0,0,0,0,0,0,0,0,0,0,3.5E-05,0,6.9E-05,0,3.5E-05,0,0,0,3.5E-05,0,0,0,0,0,3.5E-05,3.5E-05,3.5E-05,0,0,0,0,3.5E-05,0,3.5E-05,3.5E-05,0,0.000104,3.5E-05,3.5E-05,0,0.000139,3.5E-05,0,6.9E-05,6.9E-05,3.5E-05,0,3.5E-05,6.9E-05,0,0,0,0,3.5E-05,0,0,0,0,0,0,3.5E-05,0,0,0,0,0,0,0,0,0,0,0,0,0,0,0,0,0,0,0,0,0,0,0,0,0,0,0,0,0,0,0,0,0,0,0,0,0,0,0,0,0,0,0,0,0,0,0
Algeria,438510440,1.8E-05,2.1E-05,1.8E-05,2.1E-05,1.8E-05,2.1E-05,1.8E-05,1.4E-05,1.4E-05,1.8E-05,1.6E-05,1.8E-05,1.8E-05,1.6E-05,1.4E-05,1.8E-05,2.1E-05,1.8E-05,2.3E-05,1.6E-05,1.6E-05,1.6E-05,1.4E-05,1.6E-05,1.4E-05,1.4E-05,1.6E-05,1.6E-05,1.6E-05,1.8E-05,1.1E-05,1.8E-05,1.4E-05,1.1E-05,1.6E-05,1.4E-05,1.1E-05,5E-06,9E-06,1.4E-05,7E-06,1.4E-05,1.6E-05,1.1E-05,1.6E-05,1.4E-05,9E-06,1.8E-05,1.1E-05,2.3E-05,1.8E-05,2.1E-05,1.8E-05,7E-06,3.6E-05,2.7E-05,2.3E-05,3E-05,4.6E-05,4.1E-05,4.3E-05,4.8E-05,6.8E-05,2.7E-05,4.6E-05,4.8E-05,5E-05,5.7E-05,4.3E-05,6.4E-05,3.2E-05,2.1E-05,9E-06,5E-06,7E-06,2E-06,9E-06,5E-06,5E-06,0,5E-06,9E-06,5E-06,5E-06,7E-06,0,0,2E-06,2E-06,2E-06,2E-06,0,0,0,0,0,0,0,0,0,0,0,0,0,0,0,0,0,0,0,0,0,0,0,0,0,0,0,0,0,0,0,0,0,0,0,0,0,0,0,0,0,0,0,0,0,0,0,0
Andorra,772650,0,0,0,0,0,0,0,0,0,0,0,0,0,0,0,0,0,0,0,0,0,0,0,0,0,0.002588,0,0,0.001294,0,0,0,0.001294,0,0.001294,0,0.001294,0,0.001294,0.001294,0.001294,0,0.001294,0.001294,0,0,0,0.003883,0,0,0,0.001294,0.001294,0,0.002588,0,0.002588,0.002588,0,0.003883,0,0.001294,0.002588,0.001294,0.001294,0.003883,0.001294,0.001294,0.001294,0.001294,0.002588,0.005177,0.002588,0.003883,0,0,0.002588,0,0,0,0.001294,0,0,0,0,0,0,0,0,0,0,0,0,0,0,0,0,0,0,0,0,0,0,0,0,0,0,0,0,0,0,0,0,0,0,0,0,0,0,0,0,0,0,0,0,0,0,0,0,0,0,0,0,0,0,0,0,0,0
Angola,328662720,0,0,0,0,0,0,0,0,0,0,0,0,0,0,0,0,0,0,3E-06,0,0,0,0,3E-06,0,0,0,0,0,0,0,0,0,0,0,0,0,0,0,0,0,0,0,0,0,0,0,0,0,0,0,0,0,0,0,0,0,0,0,0,0,0,0,0,0,0,0,0,0,0,0,0,0,6E-06,0,0,0,0,0,0,0,0,0,0,0,0,0,0,0,0,0,0,0,0,0,0,0,0,0,0,0,0,0,0,0,0,0,0,0,0,0,0,0,0,0,0,0,0,0,0,0,0,0,0,0,0,0,0,0,0,0,0,0,0,0,0,0,0,0
Antigua_and_Barbuda,979290,0,0,0,0,0,0,0,0,0,0,0,0,0,0,0,0,0,0,0,0,0,0,0,0,0,0,0,0,0,0,0,0,0,0,0,0,0,0,0,0,0,0,0,0,0,0,0,0,0,0,0,0,0,0,0,0.001021,0,0,0,0,0,0,0,0.001021,0.001021,0,0,0,0,0,0,0,0,0,0,0,0,0,0,0,0,0,0,0,0,0,0,0,0,0,0,0,0,0,0,0,0,0,0,0,0,0,0,0,0,0,0,0,0,0,0,0,0,0,0,0,0,0,0,0,0,0,0,0,0,0,0,0,0,0,0,0,0,0,0,0,0,0,0
Argentina,451957740,4E-05,5.3E-05,6.4E-05,3.5E-05,3.5E-05,5.3E-05,5.5E-05,3.1E-05,2.9E-05,3.8E-05,2.4E-05,1.8E-05,2.7E-05,1.8E-05,3.5E-05,3.8E-05,3.3E-05,1.5E-05,2.7E-05,3.8E-05,2.9E-05,2.2E-05,2.4E-05,2E-05,2.2E-05,1.5E-05,7E-06,5.3E-05,2.2E-05,1.1E-05,2E-05,1.1E-05,1.5E-05,2.4E-05,2E-05,2E-05,9E-06,3.1E-05,2E-05,2.7E-05,1.5E-05,9E-06,1.5E-05,2.2E-05,1.1E-05,1.5E-05,2E-05,2.4E-05,2.9E-05,1.1E-05,2.4E-05,9E-06,7E-06,1.3E-05,1.8E-05,9E-06,2E-05,1.1E-05,1.5E-05,1.5E-05,2E-06,2.2E-05,2E-05,1.5E-05,1.8E-05,9E-06,2E-06,9E-06,7E-06,1.8E-05,2E-06,9E-06,9E-06,2E-06,1.1E-05,9E-06,2E-06,4E-06,4E-06,0,0,2E-06,0,2E-06,0,0,0,0,0,2E-06,0,0,0,0,2E-06,0,0,0,0,0,0,0,0,0,0,0,0,0,0,0,0,0,0,0,0,0,0,0,0,0,0,0,0,0,0,0,0,0,0,0,0,0,0,0,0,0,0,0,0
Armenia,29632430,0.000337,0.000202,0.000371,0.000337,0.000236,0.000236,0.000202,0.000405,0.000641,0.00027,0.000135,0.000236,0.000236,0.000506,0.000236,0.000135,0.000202,0.000135,0.000101,0.000135,0.000101,0.000101,0.000101,3.4E-05,0.000169,0.000101,0.000101,3.4E-05,3.4E-05,3.4E-05,3.4E-05,3.4E-05,3.4E-05,3.4E-05,6.7E-05,0,3.4E-05,0.000135,6.7E-05,0,3.4E-05,6.7E-05,0,3.4E-05,3.4E-05,0,3.4E-05,0.000101,0,0,6.7E-05,6.7E-05,0,3.4E-05,3.4E-05,3.4E-05,3.4E-05,6.7E-05,3.4E-05,0,3.4E-05,6.7E-05,3.4E-05,3.4E-05,0,3.4E-05,0,0,0,0.000101,3.4E-05,0,0,6.7E-05,0,0,3.4E-05,0,0,0,0,0,0,0,0,0,0,0,0,0,0,0,0,0,0,0,0,0,0,0,0,0,0,0,0,0,0,0,0,0,0,0,0,0,0,0,0,0,0,0,0,0,0,0,0,0,0,0,0,0,0,0,0,0,0,0,0,0,0
Australia,254998840,0,0,0,0,0,0,0,0,0,-4E-06,0,0,0,0,0,4E-06,0,0,4E-06,0,4E-06,0,4E-06,0,4E-06,0,0,0,0,4E-06,0,0,0,0,0,0,4E-06,4E-06,4E-06,4E-06,0,8E-06,8E-06,2.4E-05,0,1.2E-05,4E-06,1.6E-05,3.1E-05,0,0,0,0,4E-06,1.2E-05,0,4E-06,4E-06,4E-06,1.2E-05,1.2E-05,1.2E-05,4E-06,2E-05,2E-05,2E-05,2E-05,8E-06,1.6E-05,1.6E-05,8E-06,4E-06,4E-06,8E-06,4E-06,0,2E-05,0,4E-06,0,0,0,4E-06,0,4E-06,8E-06,0,0,0,0,0,0,0,0,4E-06,0,0,0,4E-06,0,0,4E-06,0,0,0,0,0,0,0,0,0,0,0,0,0,0,0,0,0,0,0,0,0,0,0,0,0,0,0,0,0,0,0,0,0,0,0,0,0
Austria,90063980,1.1E-05,0,0,0,0,2.2E-05,0,1.1E-05,1.1E-05,0,0,0,0,0.000255,2.2E-05,2.2E-05,1.1E-05,1.1E-05,4.4E-05,2.2E-05,0,1.1E-05,3.3E-05,0,0,1.1E-05,2.2E-05,2.2E-05,1.1E-05,3.3E-05,2.2E-05,3.3E-05,1.1E-05,5.6E-05,1.1E-05,2.2E-05,6.7E-05,2.2E-05,2.2E-05,7.8E-05,5.6E-05,4.4E-05,0.000122,0.000222,7.8E-05,6.7E-05,6.7E-05,8.9E-05,0.000133,0.000211,0.000233,0.0002,1E-04,0.000133,0.000233,0.000189,1E-04,0.000178,0.0002,0.000144,0.0002,0.000266,0.000244,0.000333,0.000255,0.000178,0.0002,0.0002,0.000111,0.000133,0.0002,0.000222,0.000244,0.0002,0.000111,1E-04,0.000211,2.2E-05,7.8E-05,5.6E-05,8.9E-05,2.2E-05,0,2.2E-05,1.1E-05,0,2.2E-05,0,0,0,1.1E-05,0,0,0,0,0,0,0,0,0,0,0,0,0,0,0,0,0,0,0,0,0,0,0,0,0,0,0,0,0,0,0,0,0,0,0,0,0,0,0,0,0,0,0,0,0,0,0,0
Azerbaijan,101391770,3.9E-05,4.9E-05,4.9E-05,3.9E-05,2E-05,3.9E-05,2E-05,4.9E-05,3E-05,4.9E-05,2E-05,3E-05,2E-05,2E-05,2E-05,1E-05,2E-05,0,3E-05,2E-05,1E-05,2E-05,1E-05,1E-05,3E-05,0,1E-05,0,2E-05,1E-05,0,1E-05,3E-05,0,0,2E-05,0,1E-05,0,0,1E-05,1E-05,1E-05,0,1E-05,0,0,1E-05,0,0,1E-05,0,1E-05,3E-05,0,2E-05,0,1E-05,1E-05,0,1E-05,1E-05,1E-05,0,1E-05,0,2E-05,0,0,0,0,1E-05,0,0,1E-05,0,1E-05,1E-05,0,0,0,0,0,0,0,0,0,0,0,1E-05,0,0,0,0,0,0,0,0,0,0,0,0,0,0,0,0,0,0,0,0,0,0,0,0,0,0,0,0,0,0,0,0,0,0,0,0,0,0,0,0,0,0,0,0,0,0,0,0,0
Bahamas,3932440,0,0,0,0,0,0,0,0,0,0,0,0,0,0,0,0,0,0,0,0,0,0,0,0,0,0,0,0,0,0,0,0,0,0,0,0,0,0,0,0,0,0,0,0,0,0,0,0,0.000509,0,0,0,0,0,0.000254,0,0,0,0,0,0,0,0.000254,0.000254,0.000254,0.000254,0,0.000763,0,0,0.000254,0,0,0,0,0,0,0,0,0,0,0,0,0,0,0,0,0,0,0,0,0,0,0,0,0,0,0,0,0,0,0,0,0,0,0,0,0,0,0,0,0,0,0,0,0,0,0,0,0,0,0,0,0,0,0,0,0,0,0,0,0,0,0,0,0,0,0,0
Bahrain,17015750,0.000118,0.000118,5.9E-05,0.000118,0.000118,5.9E-05,5.9E-05,5.9E-05,0,0,0.000118,0.000118,0,0,5.9E-05,0,0,5.9E-05,5.9E-05,0,0,0,0,0,0,0,0.000118,0,5.9E-05,5.9E-05,0,0,0,0,0,0,0,0,0,0,0,0,0,0,0,0,0,0,5.9E-05,0,0,0,0,0,0,0,0,5.9E-05,0,0,0,5.9E-05,0,0,5.9E-05,0,0,0,0,0,0,0,0,0,0,0,0,5.9E-05,5.9E-05,0,5.9E-05,0,0,0,0,0,5.9E-05,0,0,0,0,0,0,0,0,0,0,0,0,0,0,0,0,0,0,0,0,0,0,0,0,0,0,0,0,0,0,0,0,0,0,0,0,0,0,0,0,0,0,0,0,0,0,0,0,0,0,0,0
Bangladesh,1646893830,2.2E-05,2.7E-05,2.6E-05,2.6E-05,2.1E-05,1.8E-05,2.1E-05,2.2E-05,2.2E-05,1.3E-05,2.4E-05,1.7E-05,1.4E-05,9E-06,1.3E-05,1.3E-05,1.3E-05,1.7E-05,1.2E-05,1.5E-05,1.3E-05,1E-05,1.3E-05,1.3E-05,9E-06,1E-05,9E-06,9E-06,1.2E-05,7E-06,7E-06,9E-06,5E-06,4E-06,8E-06,2E-06,1E-06,3E-06,1E-06,3E-06,1E-06,3E-06,5E-06,2E-06,4E-06,3E-06,5E-06,2E-06,4E-06,6E-06,5E-06,6E-06,4E-06,5E-06,9E-06,6E-06,2E-06,4E-06,3E-06,2E-06,2E-06,4E-06,1E-06,2E-06,3E-06,2E-06,1E-06,1E-06,0,0,1E-06,0,0,0,0,0,0,1E-06,1E-06,1E-06,0,1E-06,0,0,1E-06,0,0,0,0,0,0,0,0,0,0,0,0,0,0,0,0,0,0,0,0,0,0,0,0,0,0,0,0,0,0,0,0,0,0,0,0,0,0,0,0,0,0,0,0,0,0,0,0,0,0,0,0,0,0
Barbados,2873750,0,0,0,0,0,0,0,0,0,0,0,0,0,0,0,0,0,0,0,0,0,0,0,0,0,0,0,0,0,0,0,0,0,0,0,0,0,0,0,0,0,0,0.000348,0,0,0,0,0,0.000348,0,0,0,0,0,0,0,0.000348,0,0,0,0,0.000348,0,0,0.000348,0.000348,0.000348,0,0,0,0,0,0,0,0,0,0,0,0,0,0,0,0,0,0,0,0,0,0,0,0,0,0,0,0,0,0,0,0,0,0,0,0,0,0,0,0,0,0,0,0,0,0,0,0,0,0,0,0,0,0,0,0,0,0,0,0,0,0,0,0,0,0,0,0,0,0,0,0
Belarus,94493230,6.3E-05,6.3E-05,7.4E-05,6.3E-05,4.2E-05,6.3E-05,5.3E-05,5.3E-05,3.2E-05,5.3E-05,6.3E-05,5.3E-05,5.3E-05,5.3E-05,6.3E-05,4.2E-05,5.3E-05,5.3E-05,4.2E-05,5.3E-05,6.3E-05,4.2E-05,4.2E-05,6.3E-05,5.3E-05,4.2E-05,5.3E-05,5.3E-05,4.2E-05,7.4E-05,4.2E-05,5.3E-05,5.3E-05,5.3E-05,4.2E-05,5.3E-05,4.2E-05,4.2E-05,2.1E-05,4.2E-05,4.2E-05,5.3E-05,5.3E-05,4.2E-05,3.2E-05,5.3E-05,4.2E-05,3.2E-05,2.1E-05,3.2E-05,4.2E-05,4.2E-05,2.1E-05,3.2E-05,2.1E-05,4.2E-05,3.2E-05,4.2E-05,3.2E-05,3.2E-05,4.2E-05,3.2E-05,3.2E-05,0,0,5.3E-05,3.2E-05,1.1E-05,0,2.1E-05,1.1E-05,1.1E-05,0,0,0,0,0,0,0,0,0,0,0,0,0,0,0,0,0,0,0,0,0,0,0,0,0,0,0,0,0,0,0,0,0,0,0,0,0,0,0,0,0,0,0,0,0,0,0,0,0,0,0,0,0,0,0,0,0,0,0,0,0,0,0,0,0,0,0
Belgium,115896230,8.6E-05,0.000112,9.5E-05,0.000129,0.000121,0.000155,0.000224,0.000147,0.000164,0.000164,0.000121,0.000198,0.000362,0.000207,0.000259,0.00019,0.000276,0.000371,0.000216,0.000224,0.000311,0.000362,0.000242,0.000242,0.000406,0.000397,0.000483,0.000518,0.000708,0.000466,0.00044,0.000647,0.000518,0.000915,0.000656,0.002787,0.000794,0.00069,0.000682,0.000535,0.00094,0.000802,0.001467,0.00107,0.000975,0.001527,0.002054,0.001631,0.001967,0.002278,0.001467,0.001251,0.001985,0.002502,0.00264,0.003598,0.002442,0.002192,0.002614,0.002192,0.002821,0.00428,0.002442,0.001769,0.003477,0.001596,0.001415,0.001208,0.001139,0.001579,0.001061,0.001657,0.000708,0.000673,0.000552,0.000595,0.000362,0.000483,0.000293,0.000112,6.9E-05,0.000259,0.000138,6E-05,3.5E-05,4.3E-05,9E-06,0,9E-06,0,0,2.6E-05,0,0,0,0,0,0,0,0,0,0,0,0,0,0,0,0,0,0,0,0,0,0,0,0,0,0,0,0,0,0,0,0,0,0,0,0,0,0,0,0,0,0,0,0,0,0,0
Belize,3976280,0,0,0,0,0,0,0,0,0,0,0,0,0,0,0,0,0,0,0,0,0,0,0,0,0,0,0,0,0,0,0,0,0,0,0,0,0,0,0,0,0,0,0,0,0,0,0,0,0,0,0,0,0,0,0,0,0,0,0,0,0,0.000251,0,0,0,0.000251,0,0,0,0,0,0,0,0,0,0,0,0,0,0,0,0,0,0,0,0,0,0,0,0,0,0,0,0,0,0,0,0,0,0,0,0,0,0,0,0,0,0,0,0,0,0,0,0,0,0,0,0,0,0,0,0,0,0,0,0,0,0,0,0,0,0,0,0,0,0,0,0,0
Benin,121232000,0,0,8E-06,0,0,0,0,0,0,0,0,0,0,0,0,0,0,0,0,0,8E-06,0,0,0,0,0,0,0,0,0,0,0,0,0,0,0,0,0,0,0,8E-06,0,0,0,0,0,0,0,0,0,0,0,0,0,0,0,0,0,0,0,0,0,0,0,0,8E-06,0,0,0,0,0,0,0,0,0,0,0,0,0,0,0,0,0,0,0,0,0,0,0,0,0,0,0,0,0,0,0,0,0,0,0,0,0,0,0,0,0,0,0,0,0,0,0,0,0,0,0,0,0,0,0,0,0,0,0,0,0,0,0,0,0,0,0,0,0,0,0,0,0
Bhutan,7716080,0,0,0,0,0,0,0,0,0,0,0,0,0,0,0,0,0,0,0,0,0,0,0,0,0,0,0,0,0,0,0,0,0,0,0,0,0,0,0,0,0,0,0,0,0,0,0,0,0,0,0,0,0,0,0,0,0,0,0,0,0,0,0,0,0,0,0,0,0,0,0,0,0,0,0,0,0,0,0,0,0,0,0,0,0,0,0,0,0,0,0,0,0,0,0,0,0,0,0,0,0,0,0,0,0,0,0,0,0,0,0,0,0,0,0,0,0,0,0,0,0,0,0,0,0,0,0,0,0,0,0,0,0,0,0,0,0,0,0
Bolivia,116730210,0.000214,0.000103,8.6E-05,9.4E-05,0.000231,0.000103,0.000129,0.000206,0.000283,0.000257,2.6E-05,8.6E-05,6E-05,0.000111,5.1E-05,0.000111,9.4E-05,8.6E-05,8.6E-05,0.000129,0.000137,8.6E-05,0.000129,4.3E-05,3.4E-05,9E-06,0.000103,8.6E-05,0.00012,5.1E-05,3.4E-05,3.4E-05,6.9E-05,3.4E-05,9.4E-05,4.3E-05,3.4E-05,5.1E-05,4.3E-05,4.3E-05,3.4E-05,2.6E-05,3.4E-05,1.7E-05,2.6E-05,3.4E-05,1.7E-05,9E-06,5.1E-05,2.6E-05,9E-06,9E-06,9E-06,0,1.7E-05,9E-06,0,9E-06,2.6E-05,3.4E-05,9E-06,9E-06,2.6E-05,9E-06,2.6E-05,9E-06,0,9E-06,9E-06,9E-06,9E-06,1.7E-05,2.6E-05,9E-06,0,0,0,0,0,0,0,0,0,0,0,0,0,0,0,0,0,0,0,0,0,0,0,0,0,0,0,0,0,0,0,0,0,0,0,0,0,0,0,0,0,0,0,0,0,0,0,0,0,0,0,0,0,0,0,0,0,0,0,0,0,0,0,0,0
Bosnia_and_Herzegovina,32808190,3E-05,0,3E-05,0,0,0,6.1E-05,0,9.1E-05,3E-05,0,0,0,6.1E-05,6.1E-05,9.1E-05,6.1E-05,9.1E-05,0,3E-05,0.000122,6.1E-05,3E-05,0,0.000122,3E-05,0.000183,6.1E-05,9.1E-05,0.000122,0.000183,0.000152,0.000122,0.000244,0.000122,0.000213,3E-05,3E-05,0.000152,6.1E-05,3E-05,0.000122,6.1E-05,9.1E-05,3E-05,6.1E-05,6.1E-05,3E-05,3E-05,6.1E-05,6.1E-05,3E-05,3E-05,3E-05,9.1E-05,6.1E-05,3E-05,3E-05,0,6.1E-05,3E-05,3E-05,3E-05,3E-05,0.000122,0.000183,6.1E-05,0.000122,3E-05,9.1E-05,0,9.1E-05,0.000122,3E-05,3E-05,3E-05,0,0,6.1E-05,0,0,3E-05,0,0,0,0,0,0,0,0,0,0,0,0,0,0,0,0,0,0,0,0,0,0,0,0,0,0,0,0,0,0,0,0,0,0,0,0,0,0,0,0,0,0,0,0,0,0,0,0,0,0,0,0,0,0,0,0,0
Botswana,23516270,0,0,0,0,0,0,0,0,0,0,0,0,0,0,0,0,0,0,0,0,0,0,0,0,0,0,0,0,0,0,0,0,0,0,0,0,0,0,0,0,0,0,0,0,0,0,0,0,0,0,0,0,0,0,0,0,0,0,0,0,0,0,0,0,0,0,0,0,0,0,0,4.3E-05,0,0,0,0,0,0,0,0,0,0,0,0,0,0,0,0,0,0,0,0,0,0,0,0,0,0,0,0,0,0,0,0,0,0,0,0,0,0,0,0,0,0,0,0,0,0,0,0,0,0,0,0,0,0,0,0,0,0,0,0,0,0,0,0,0,0,0
Brazil,2125594170,0.000599,0.000598,0.000319,0.000247,0.000425,0.000473,0.000693,0.000635,0.000594,0.000293,0.000226,0.00045,0.000529,0.000544,0.000511,0.000489,0.00038,0.000307,0.000454,0.000471,0.000559,0.000412,0.000532,0.000346,0.000215,0.000329,0.000453,0.000357,0.000366,0.00038,0.000249,0.00022,0.000301,0.000389,0.000283,0.000306,0.000269,0.000149,0.000136,0.000164,0.000191,0.000232,0.000202,0.000226,0.000149,0.000108,0.000166,0.000175,0.0002,7.8E-05,7.2E-05,5.9E-05,5.1E-05,1E-04,0.000102,8.8E-05,9.6E-05,9.6E-05,4.9E-05,4.7E-05,3.2E-05,5E-05,6.2E-05,6.3E-05,5.7E-05,3.7E-05,1.9E-05,4E-05,1.6E-05,4E-05,1.8E-05,2E-05,1.1E-05,1.2E-05,9E-06,7E-06,8E-06,6E-06,6E-06,4E-06,5E-06,2E-06,2E-06,1E-06,1E-06,0,0,0,0,0,0,0,0,0,0,0,0,0,0,0,0,0,0,0,0,0,0,0,0,0,0,0,0,0,0,0,0,0,0,0,0,0,0,0,0,0,0,0,0,0,0,0,0,0,0,0,0,0,0
Brunei,4374790,0,0,0,0,0,0,0,0,0,0,0,0,0,0,0.000229,0,0,0,0,0,0,0,0,0,0,0,0,0,0,0,0,0,0,0,0,0,0,0,0,0,0,0,0,0,0,0,0,0,0,0,0,0,0,0,0,0,0,0,0,0,0,0,0,0,0,0,0,0,0,0,0,0,0,0,0.000229,0,0,0,0,0,0,0,0,0,0,0,0,0,0,0,0,0,0,0,0,0,0,0,0,0,0,0,0,0,0,0,0,0,0,0,0,0,0,0,0,0,0,0,0,0,0,0,0,0,0,0,0,0,0,0,0,0,0,0,0,0,0,0,0
Bulgaria,69484450,0,4.3E-05,5.8E-05,0,1.4E-05,0.000173,1.4E-05,2.9E-05,5.8E-05,0,1.4E-05,4.3E-05,2.9E-05,1.4E-05,4.3E-05,0,0,5.8E-05,1.4E-05,7.2E-05,5.8E-05,5.8E-05,2.9E-05,2.9E-05,4.3E-05,4.3E-05,4.3E-05,4.3E-05,1.4E-05,2.9E-05,2.9E-05,1.4E-05,5.8E-05,2.9E-05,0,5.8E-05,2.9E-05,7.2E-05,1.4E-05,5.8E-05,2.9E-05,2.9E-05,8.6E-05,0,2.9E-05,1.4E-05,1.4E-05,2.9E-05,4.3E-05,5.8E-05,2.9E-05,1.4E-05,1.4E-05,0,4.3E-05,2.9E-05,1.4E-05,4.3E-05,4.3E-05,1.4E-05,4.3E-05,1.4E-05,0,1.4E-05,1.4E-05,2.9E-05,4.3E-05,4.3E-05,5.8E-05,0,2.9E-05,0,0,1.4E-05,5.8E-05,0,0,0,0,0,0,0,0,1.4E-05,0,0,0,0,1.4E-05,0,0,1.4E-05,0,0,0,0,0,0,0,0,0,0,0,0,0,0,0,0,0,0,0,0,0,0,0,0,0,0,0,0,0,0,0,0,0,0,0,0,0,0,0,0,0,0,0,0,0,0,0
Burkina_Faso,209032730,0,0,0,0,0,0,0,0,0,0,0,0,0,0,5E-06,0,0,0,0,0,0,5E-06,0,0,0,0,0,0,0,5E-06,5E-06,5E-06,0,0,0,0,1E-05,5E-06,5E-06,0,5E-06,0,5E-06,0,0,5E-06,0,0,1E-05,5E-06,0,1E-05,0,5E-06,1.4E-05,0,1E-05,1.4E-05,0,0,1.4E-05,0,5E-06,1.9E-05,5E-06,5E-06,5E-06,0,0,0,1E-05,1E-05,0,5E-06,1E-05,1E-05,1.4E-05,0,0,0,1E-05,5E-06,0,0,5E-06,0,0,0,0,0,0,0,0,0,0,0,0,0,0,0,0,0,0,0,0,0,0,0,0,0,0,0,0,0,0,0,0,0,0,0,0,0,0,0,0,0,0,0,0,0,0,0,0,0,0,0,0,0,0
Burundi,118907840,0,0,0,0,0,0,0,0,0,0,0,0,0,0,0,0,0,0,0,0,0,0,0,0,0,0,0,0,0,0,0,0,0,0,0,0,0,0,0,0,0,0,0,0,0,0,0,0,0,0,0,0,0,0,0,0,0,0,8E-06,0,0,0,0,0,0,0,0,0,0,0,0,0,0,0,0,0,0,0,0,0,0,0,0,0,0,0,0,0,0,0,0,0,0,0,0,0,0,0,0,0,0,0,0,0,0,0,0,0,0,0,0,0,0,0,0,0,0,0,0,0,0,0,0,0,0,0,0,0,0,0,0,0,0,0,0,0,0,0,0
Cabo_Verde,5559870,0,0,0,0,0,0,0,0,0.00018,0,0,0,0,0,0,0.00018,0,0,0,0,0,0,0,0,0,0.00018,0,0,0,0,0,0,0,0,0,0,0,0,0,0.00018,0,0,0,0,0,0,0,0,0,0,0,0,0,0,0,0,0,0,0,0,0,0,0,0,0,0,0,0,0,0,0,0,0,0,0,0,0,0,0.00018,0,0,0,0,0,0,0,0,0,0,0,0,0,0,0,0,0,0,0,0,0,0,0,0,0,0,0,0,0,0,0,0,0,0,0,0,0,0,0,0,0,0,0,0,0,0,0,0,0,0,0,0,0,0,0,0,0,0,0,0
Cambodia,167189650,0,0,0,0,0,0,0,0,0,0,0,0,0,0,0,0,0,0,0,0,0,0,0,0,0,0,0,0,0,0,0,0,0,0,0,0,0,0,0,0,0,0,0,0,0,0,0,0,0,0,0,0,0,0,0,0,0,0,0,0,0,0,0,0,0,0,0,0,0,0,0,0,0,0,0,0,0,0,0,0,0,0,0,0,0,0,0,0,0,0,0,0,0,0,0,0,0,0,0,0,0,0,0,0,0,0,0,0,0,0,0,0,0,0,0,0,0,0,0,0,0,0,0,0,0,0,0,0,0,0,0,0,0,0,0,0,0,0,0
Cameroon,265458630,0,0,0,0,2.6E-05,8E-06,1.1E-05,0,4E-06,3E-05,0,5.3E-05,8E-06,0,0,3.8E-05,0,2.3E-05,0,1.1E-05,3.8E-05,2.3E-05,0,0,0,0,4E-06,1.1E-05,4.1E-05,0,4.1E-05,2.3E-05,0,0,0,0.000166,0,0,0,1.1E-05,0,0,1.1E-05,0,8E-06,1.1E-05,3.8E-05,0,0,0,4E-06,0,7.5E-05,0,0,1.9E-05,1.1E-05,8E-06,0,0,0,8E-06,0,4E-06,0,0,0,4E-06,4E-06,4E-06,0,0,0,1.5E-05,0,4E-06,0,4E-06,0,0,0,0,0,0,0,0,0,0,0,0,0,0,0,0,0,0,0,0,0,0,0,0,0,0,0,0,0,0,0,0,0,0,0,0,0,0,0,0,0,0,0,0,0,0,0,0,0,0,0,0,0,0,0,0,0,0,0,0,0
Canada,377421540,0.00018,0.000159,8.7E-05,7.2E-05,0.000191,0.000162,0.000366,0.000268,0.000196,7.9E-05,0.00057,0.000254,0.000215,0.000281,0.000326,0.00026,0.000321,0.00018,0.000281,0.000246,0.00031,0.000323,0.00018,0.000151,0.000273,0.000321,0.000231,0.000442,0.000331,0.00049,0.000329,0.000445,0.000334,0.000413,0.000464,0.000466,0.000495,0.000551,0.000294,0.000389,0.000601,0.000411,0.000456,0.000376,0.000408,0.000307,0.000448,0.000427,0.000432,0.000445,0.000485,0.000429,0.000435,0.000119,0.000257,0.000665,0.000284,0.000318,0.000178,0.000159,0.000257,0.000143,0.000254,8.5E-05,9.5E-05,0.000212,0.000109,0.000103,0.000106,7.9E-05,2.1E-05,5.6E-05,4.2E-05,8E-06,1.9E-05,4.2E-05,2.1E-05,1.1E-05,3E-06,1.1E-05,5E-06,1.9E-05,8E-06,3E-06,8E-06,3E-06,8E-06,0,0,0,0,0,0,3E-06,0,0,0,0,0,0,0,0,0,0,0,0,0,0,0,0,0,0,0,0,0,0,0,0,0,0,0,0,0,0,0,0,0,0,0,0,0,0,0,0,0,0,0,0,0
Central_African_Republic,48297670,0,0,0,0,2.1E-05,0,0,0,0,4.1E-05,2.1E-05,0,0,0,0,0,0,0,2.1E-05,0,0,0,0,0,0,0,0,0,0,0,0,0,0,0,0,0,0,0,0,0,0,0,0,0,0,0,0,0,0,0,0,0,0,0,0,0,0,0,0,0,0,0,0,0,0,0,0,0,0,0,0,0,0,0,0,0,0,0,0,0,0,0,0,0,0,0,0,0,0,0,0,0,0,0,0,0,0,0,0,0,0,0,0,0,0,0,0,0,0,0,0,0,0,0,0,0,0,0,0,0,0,0,0,0,0,0,0,0,0,0,0,0,0,0,0,0,0,0,0
Chad,164258640,6E-06,6E-06,6E-06,0,6E-06,1.2E-05,0,0,0,6E-06,0,0,0,6E-06,1.2E-05,6E-06,6E-06,0,1.2E-05,0,6E-06,6E-06,1.8E-05,0,1.8E-05,1.2E-05,1.2E-05,2.4E-05,1.2E-05,5.5E-05,0,0,1.8E-05,6E-06,6.1E-05,0,4.3E-05,0,0,3E-05,0,1.8E-05,0,1.2E-05,0,0,0,0,0,0,0,0,0,0,0,0,0,0,0,0,0,0,0,0,0,0,0,0,0,0,0,0,0,0,0,0,0,0,0,0,0,0,0,0,0,0,0,0,0,0,0,0,0,0,0,0,0,0,0,0,0,0,0,0,0,0,0,0,0,0,0,0,0,0,0,0,0,0,0,0,0,0,0,0,0,0,0,0,0,0,0,0,0,0,0,0,0,0,0
Chile,191162010,0.001004,9.9E-05,0.00328,0.000502,0.000486,0.000481,0.000424,0.000455,0.000392,0.000309,0.000298,0.000277,0.000282,0.000256,0.000183,0.000235,0.000225,0.000235,0.000225,0.000214,0.000235,0.000183,0.000162,0.000146,0.000152,0.000141,0.000136,0.000115,5.8E-05,6.3E-05,5.8E-05,4.2E-05,5.2E-05,4.7E-05,2.1E-05,3.1E-05,2.6E-05,5.2E-05,6.8E-05,6.8E-05,3.7E-05,5.8E-05,4.7E-05,4.7E-05,4.7E-05,4.2E-05,3.7E-05,3.1E-05,4.2E-05,6.8E-05,4.2E-05,3.1E-05,3.7E-05,5.2E-05,5.8E-05,5.8E-05,1E-05,5.2E-05,1E-05,3.7E-05,4.2E-05,4.2E-05,4.7E-05,2.6E-05,3.1E-05,1.6E-05,3.7E-05,2.6E-05,2.1E-05,1E-05,2.1E-05,2.1E-05,5E-06,5E-06,5E-06,5E-06,5E-06,5E-06,0,5E-06,5E-06,0,0,0,0,0,0,0,0,0,0,0,0,0,0,0,0,0,0,0,0,0,0,0,0,0,0,0,0,0,0,0,0,0,0,0,0,0,0,0,0,0,0,0,0,0,0,0,0,0,0,0,0,0,0,0,0,0,0
China,14393237760,0,0,0,0,0,0,0,0,0,0,0,0,0,0,0,0,0,0,0,0,0,0,0,0,0,0,0,0,0,0,0,0,0,0,0,0,0,0,0,0,0,0,0,0,0,0,0,0,0,0,0,0,0,0,9E-05,0,0,0,0,0,0,0,0,0,0,0,0,0,0,0,0,0,0,0,0,0,0,0,0,0,1E-06,0,0,1E-06,1E-06,1E-06,1E-06,1E-06,1E-06,1E-06,1E-06,2E-06,1E-06,2E-06,2E-06,2E-06,2E-06,2E-06,3E-06,2E-06,3E-06,2E-06,3E-06,3E-06,2E-06,4E-06,5E-06,1E-05,0,1.4E-05,0,8E-06,8E-06,1E-05,7E-06,7E-06,1E-05,1.1E-05,1.8E-05,0,7E-06,7E-06,7E-06,6E-06,6E-06,5E-06,5E-06,5E-06,4E-06,7E-06,3E-06,3E-06,3E-06,0,3E-06,2E-06,1E-06,1E-06,1E-06
Colombia,508828910,0.00013,0,0.000212,0.00012,0,0.000206,8.3E-05,8.5E-05,1E-04,9.2E-05,4.9E-05,7.1E-05,4.3E-05,5.9E-05,5.3E-05,5.1E-05,4.5E-05,4.3E-05,4.5E-05,5.9E-05,4.3E-05,3.3E-05,4.1E-05,3.5E-05,2.4E-05,3.1E-05,4.1E-05,3.1E-05,3.1E-05,2.8E-05,3.1E-05,3.5E-05,3.3E-05,4.1E-05,2E-05,3.7E-05,3.9E-05,3.5E-05,3.1E-05,2E-05,4.1E-05,2.9E-05,1.8E-05,3.1E-05,1.8E-05,2.2E-05,1.6E-05,2E-05,1.8E-05,2E-05,1.4E-05,2E-05,5.1E-05,0,1.8E-05,2.6E-05,8E-06,2.9E-05,6E-06,1.8E-05,3.9E-05,2.2E-05,2.9E-05,8E-06,8E-06,2.2E-05,6E-06,1.4E-05,1.2E-05,4E-06,2E-06,8E-06,4E-06,8E-06,0,0,4E-06,2E-06,0,2E-06,4E-06,0,0,0,0,0,0,0,0,0,0,0,0,0,0,0,0,0,0,0,0,0,0,0,0,0,0,0,0,0,0,0,0,0,0,0,0,0,0,0,0,0,0,0,0,0,0,0,0,0,0,0,0,0,0,0,0,0,0
Comoros,8696010,0,0,0,0,0,0,0,0,0,0,0,0,0,0,0.000115,0,0,0,0,0,0,0,0,0,0,0,0,0,0,0,0,0,0,0,0,0.000115,0,0,0,0,0,0,0,0,0,0,0,0,0,0,0,0,0,0,0,0,0,0,0,0,0,0,0,0,0,0,0,0,0,0,0,0,0,0,0,0,0,0,0,0,0,0,0,0,0,0,0,0,0,0,0,0,0,0,0,0,0,0,0,0,0,0,0,0,0,0,0,0,0,0,0,0,0,0,0,0,0,0,0,0,0,0,0,0,0,0,0,0,0,0,0,0,0,0,0,0,0,0,0
Costa_Rica,50941180,2E-05,0,2E-05,0,0,0,0,0,0,0,0,0,0,0,0,0,0,0,0,0,0,0,0,0,0,2E-05,2E-05,0,2E-05,0,0,2E-05,0,0,0,0,0,0,0,0,0,0,0,0,0,0,0,0,0,0,0,2E-05,2E-05,0,0,0,2E-05,0,0,0,0,0,0,2E-05,0,0,0,0,0,0,0,0,0,0,0,0,0,0,0,0,0,2E-05,0,2E-05,0,0,0,0,0,0,0,0,0,0,0,0,0,0,0,0,0,0,0,0,0,0,0,0,0,0,0,0,0,0,0,0,0,0,0,0,0,0,0,0,0,0,0,0,0,0,0,0,0,0,0,0,0,0,0
Cote_dIvoire,263782740,1.1E-05,0,8E-06,0,0,4E-06,0,8E-06,0,0,0,4E-06,0,4E-06,4E-06,0,0,0,4E-06,0,0,4E-06,0,4E-06,8E-06,4E-06,0,0,1.1E-05,0,0,0,4E-06,0,8E-06,0,4E-06,0,8E-06,0,4E-06,0,0,0,0,0,0,0,0,4E-06,1.5E-05,0,4E-06,8E-06,0,0,0,0,4E-06,4E-06,4E-06,0,0,0,0,0,8E-06,0,0,0,0,0,0,4E-06,0,0,0,0,0,0,0,0,0,0,0,0,0,0,0,0,0,0,0,0,0,0,0,0,0,0,0,0,0,0,0,0,0,0,0,0,0,0,0,0,0,0,0,0,0,0,0,0,0,0,0,0,0,0,0,0,0,0,0,0,0,0,0,0,0
Croatia,41052670,0,4.9E-05,0,0,2.4E-05,0,0,0,0,0,0,0,2.4E-05,2.4E-05,0,2.4E-05,2.4E-05,0,0,4.9E-05,2.4E-05,0,2.4E-05,0,0,0,2.4E-05,0,7.3E-05,0,2.4E-05,7.3E-05,2.4E-05,0,2.4E-05,4.9E-05,7.3E-05,2.4E-05,4.9E-05,4.9E-05,0.000146,4.9E-05,9.7E-05,9.7E-05,9.7E-05,2.4E-05,7.3E-05,2.4E-05,4.9E-05,0,2.4E-05,0,0.000195,7.3E-05,2.4E-05,4.9E-05,4.9E-05,0.000146,4.9E-05,4.9E-05,0,2.4E-05,2.4E-05,2.4E-05,4.9E-05,2.4E-05,7.3E-05,9.7E-05,2.4E-05,2.4E-05,0,0,0,2.4E-05,4.9E-05,0,4.9E-05,0,0,0,0,0,0,2.4E-05,0,0,0,0,0,0,0,0,0,0,0,0,0,0,0,0,0,0,0,0,0,0,0,0,0,0,0,0,0,0,0,0,0,0,0,0,0,0,0,0,0,0,0,0,0,0,0,0,0,0,0,0,0,0,0
Cuba,113266160,0,0,0,0,0,0,0,0,0,0,0,9E-06,0,0,0,0,0,9E-06,0,9E-06,9E-06,0,0,0,0,0,0,0,9E-06,9E-06,0,2.6E-05,0,9E-06,3.5E-05,0,0,1.8E-05,9E-06,1.8E-05,2.6E-05,2.6E-05,0,1.8E-05,1.8E-05,2.6E-05,1.8E-05,5.3E-05,2.6E-05,1.8E-05,1.8E-05,1.8E-05,1.8E-05,9E-06,3.5E-05,2.6E-05,2.6E-05,0,2.6E-05,1.8E-05,9E-06,0,2.6E-05,9E-06,1.8E-05,9E-06,1.8E-05,0,0,0,0,1.8E-05,9E-06,0,9E-06,0,9E-06,0,0,0,0,0,0,0,9E-06,0,0,0,0,0,0,0,0,0,0,0,0,0,0,0,0,0,0,0,0,0,0,0,0,0,0,0,0,0,0,0,0,0,0,0,0,0,0,0,0,0,0,0,0,0,0,0,0,0,0,0,0,0,0
Cyprus,12073590,0,0,0,0,8.3E-05,0,0,0,0,0,0,0,0,0,0,0,0,0,0,0,0,0,0,0,0,0,0,0,8.3E-05,0,0,8.3E-05,0,0,0,0,0,0,0,0,0,0,0,0,8.3E-05,0,0,8.3E-05,0,8.3E-05,0,0,0,0,0,0,0,0,8.3E-05,8.3E-05,0,0,8.3E-05,0,0,0,-0.000166,0,8.3E-05,8.3E-05,8.3E-05,8.3E-05,0.000166,0,0,0.000166,0,0,0.000166,0,8.3E-05,0,0,0,0,0,0,0,0,0,0,0,0,0,0,0,0,0,0,0,0,0,0,0,0,0,0,0,0,0,0,0,0,0,0,0,0,0,0,0,0,0,0,0,0,0,0,0,0,0,0,0,0,0,0,0,0,0,0
Denmark,57922020,0,0,6.9E-05,3.5E-05,1.7E-05,6.9E-05,3.5E-05,0,6.9E-05,3.5E-05,5.2E-05,5.2E-05,0,5.2E-05,3.5E-05,0,1.7E-05,1.7E-05,0,0,0.000121,5.2E-05,5.2E-05,1.7E-05,6.9E-05,0.000104,0,6.9E-05,0.000104,-0.000104,6.9E-05,5.2E-05,6.9E-05,0.000138,0.000138,5.2E-05,0.000173,0.000155,0.000155,0.000259,0.000138,0.000155,0.000155,0.000121,8.6E-05,6.9E-05,0.000259,0.000155,0.000173,0.000242,0.000104,0.000155,0.000155,0.000173,0.000259,0.000207,0.000173,0.000242,0.000207,0.000224,0.000224,0.000173,0.000328,0.000259,0.000276,0.000138,0.000311,0.00038,0.000276,0.000328,0.000242,0.000224,8.6E-05,0.000121,0.000224,0.00019,0.000121,3.5E-05,0.000138,0.00019,0,6.9E-05,5.2E-05,3.5E-05,0,1.7E-05,1.7E-05,1.7E-05,1.7E-05,0,0,0,0,0,0,0,0,0,0,0,0,0,0,0,0,0,0,0,0,0,0,0,0,0,0,0,0,0,0,0,0,0,0,0,0,0,0,0,0,0,0,0,0,0,0,0,0,0,0
Djibouti,9880000,0,0.000304,0.000304,0.000202,0,0,0,0.000101,0.000101,0,0.000202,0.000202,0,0.000202,0.000405,0,0.000405,0,0,0,0.000101,0.000202,0,0.000304,0,0,0.000101,0,0,0,0,0,0,0,0,0.000101,0,0,0,0,0,0,0,0,0,0,0,0,0,0,0,0,0,0,0,0,0,0,0,0,0.000101,0.000101,0,0,0,0,0,0,0,0,0,0,0,0,0,0,0,0,0,0,0,0,0,0,0,0,0,0,0,0,0,0,0,0,0,0,0,0,0,0,0,0,0,0,0,0,0,0,0,0,0,0,0,0,0,0,0,0,0,0,0,0,0,0,0,0,0,0,0,0,0,0,0,0,0,0,0,0,0
Dominica,719860,0,0,0,0,0,0,0,0,0,0,0,0,0,0,0,0,0,0,0,0,0,0,0,0,0,0,0,0,0,0,0,0,0,0,0,0,0,0,0,0,0,0,0,0,0,0,0,0,0,0,0,0,0,0,0,0,0,0,0,0,0,0,0,0,0,0,0,0,0,0,0,0,0,0,0,0,0,0,0,0,0,0,0,0,0,0,0,0,0,0,0,0,0,0,0,0,0,0,0,0,0,0,0,0,0,0,0,0,0,0,0,0,0,0,0,0,0,0,0,0,0,0,0,0,0,0,0,0,0,0,0,0,0,0,0,0,0,0,0
Dominican_Republic,108479100,5.5E-05,4.6E-05,9E-06,1.8E-05,0.000101,4.6E-05,3.7E-05,9E-06,0.00012,0,3.7E-05,9.2E-05,2.8E-05,0.000101,5.5E-05,7.4E-05,1.8E-05,0,1.8E-05,7.4E-05,1.8E-05,4.6E-05,6.5E-05,5.5E-05,0,3.7E-05,1.8E-05,0.00012,6.5E-05,8.3E-05,4.6E-05,2.8E-05,4.6E-05,6.5E-05,0.000101,7.4E-05,7.4E-05,0.00012,6.5E-05,0.00012,0.000111,7.4E-05,6.5E-05,3.7E-05,3.7E-05,4.6E-05,5.5E-05,1.8E-05,4.6E-05,0.000138,9.2E-05,8.3E-05,8.3E-05,0.000157,3.7E-05,6.5E-05,5.5E-05,5.5E-05,3.7E-05,0.00035,8.3E-05,7.4E-05,9.2E-05,9.2E-05,0.000111,3.7E-05,0.000129,0,7.4E-05,2.8E-05,5.5E-05,8.3E-05,2.8E-05,0.000101,7.4E-05,9.2E-05,0,3.7E-05,2.8E-05,0,9E-06,0,0,9E-06,0,9E-06,0,0,0,0,0,0,0,0,0,0,0,0,0,0,0,0,0,0,0,0,0,0,0,0,0,0,0,0,0,0,0,0,0,0,0,0,0,0,0,0,0,0,0,0,0,0,0,0,0,0,0,0,0
Ecuador,176430540,0.00017,0.000272,0.000119,7.4E-05,0.000419,0.000272,0,0.000272,0.000453,0,0.000136,0,0.000119,0.000215,0.000408,0,0.000538,6.8E-05,0.000227,0.000663,0.000289,0.000278,0.000227,0.000357,0.000272,0.000533,0.001451,2.3E-05,4E-05,0.001032,0.000102,0.002324,7.4E-05,0.000283,0.000204,0.000278,0,2.8E-05,0.001094,0.001746,0.000924,9.6E-05,6.8E-05,0.001179,0.000493,0,0,9.1E-05,0.00013,9.6E-05,7.4E-05,0.000187,0.000102,0.000198,0.000102,8.5E-05,0.000108,7.9E-05,0.000125,0.000102,0.000102,0.000142,0.00017,0.000289,0,6.2E-05,4.5E-05,0.000153,0.000142,0.000153,0.000102,8.5E-05,1.1E-05,5.7E-05,6.8E-05,1.1E-05,3.4E-05,6E-06,5.1E-05,2.3E-05,4E-05,1.1E-05,1.1E-05,6E-06,0,0,0,0,1.1E-05,0,0,0,0,0,0,0,0,0,0,0,0,0,0,0,0,0,0,0,0,0,0,0,0,0,0,0,0,0,0,0,0,0,0,0,0,0,0,0,0,0,0,0,0,0,0,0,0,0,0
Egypt,1023344040,3.5E-05,3.4E-05,3.3E-05,3.8E-05,3.1E-05,3.9E-05,3.7E-05,3.5E-05,4.6E-05,4.5E-05,4.5E-05,3.3E-05,3.3E-05,2.8E-05,1.9E-05,1.4E-05,1.9E-05,2.8E-05,2.7E-05,1.1E-05,1.6E-05,2.1E-05,1.4E-05,1.5E-05,1.8E-05,2E-05,2.1E-05,1.5E-05,1.2E-05,1.1E-05,8E-06,1.1E-05,1.1E-05,2.1E-05,1.3E-05,1.7E-05,1.6E-05,7E-06,1.4E-05,9E-06,1.4E-05,1.2E-05,2.1E-05,2.1E-05,2E-05,1E-05,1.3E-05,7E-06,1.1E-05,1.2E-05,1.4E-05,1.1E-05,1.5E-05,1.9E-05,9E-06,1.3E-05,5E-06,1.4E-05,5E-06,1.3E-05,1.1E-05,1.7E-05,1.5E-05,9E-06,9E-06,7E-06,7E-06,5E-06,8E-06,6E-06,6E-06,5E-06,1E-06,4E-06,6E-06,6E-06,3E-06,1E-06,1E-06,5E-06,4E-06,2E-06,2E-06,0,2E-06,2E-06,0,0,0,1E-06,0,0,0,0,1E-06,0,0,0,0,0,0,0,0,0,0,0,0,0,0,0,0,0,0,0,0,0,0,0,0,0,0,0,0,0,0,0,0,0,0,0,0,0,0,0,0,0,0,0,0
El_Salvador,64862050,6.2E-05,6.2E-05,4.6E-05,0,0,1.5E-05,1.5E-05,3.1E-05,4.6E-05,0,0,6.2E-05,4.6E-05,0,4.6E-05,1.5E-05,0,3.1E-05,0,0,3.1E-05,1.5E-05,0,0,6.2E-05,1.5E-05,3.1E-05,4.6E-05,0,3.1E-05,1.5E-05,0,1.5E-05,1.5E-05,0,1.5E-05,1.5E-05,3.1E-05,0,1.5E-05,0,1.5E-05,1.5E-05,0,0,0,0,0,1.5E-05,0,0,0,0,0,1.5E-05,0,0,0,0,0,0,0,1.5E-05,1.5E-05,0,1.5E-05,0,1.5E-05,0,1.5E-05,0,1.5E-05,0,0,0,0,0,0,0,0,0,0,0,0,0,0,0,0,0,0,0,0,0,0,0,0,0,0,0,0,0,0,0,0,0,0,0,0,0,0,0,0,0,0,0,0,0,0,0,0,0,0,0,0,0,0,0,0,0,0,0,0,0,0,0,0,0,0,0
Equatorial_Guinea,14029850,0,0,0,0,0,0,0,0,0,0,0,0,0,0,0,0,7.1E-05,0,0,7.1E-05,0.000214,0,0,0,0,0,0,7.1E-05,0.000143,0,0,0,0,0,0,7.1E-05,0,0.000143,0,0,0,0,0,0,0,0,0,0,0,7.1E-05,0,0,0,0,0,0,0,0,0,0,0,0,0,0,0,0,0,0,0,0,0,0,0,0,0,0,0,0,0,0,0,0,0,0,0,0,0,0,0,0,0,0,0,0,0,0,0,0,0,0,0,0,0,0,0,0,0,0,0,0,0,0,0,0,0,0,0,0,0,0,0,0,0,0,0,0,0,0,0,0,0,0,0,0,0,0,0,0,0
Eritrea,35464210,0,0,0,0,0,0,0,0,0,0,0,0,0,0,0,0,0,0,0,0,0,0,0,0,0,0,0,0,0,0,0,0,0,0,0,0,0,0,0,0,0,0,0,0,0,0,0,0,0,0,0,0,0,0,0,0,0,0,0,0,0,0,0,0,0,0,0,0,0,0,0,0,0,0,0,0,0,0,0,0,0,0,0,0,0,0,0,0,0,0,0,0,0,0,0,0,0,0,0,0,0,0,0,0,0,0,0,0,0,0,0,0,0,0,0,0,0,0,0,0,0,0,0,0,0,0,0,0,0,0,0,0,0,0,0,0,0,0,0
Estonia,13265350,0,0,0,0,0,0,0,7.5E-05,0,0,7.5E-05,0,7.5E-05,0,7.5E-05,0,7.5E-05,0,0,0,0,0,0,7.5E-05,0,0,7.5E-05,7.5E-05,0,0,7.5E-05,0,0.000302,0,7.5E-05,0,0,0,0.000151,7.5E-05,0,0.000151,0,0,7.5E-05,0.000226,0,7.5E-05,7.5E-05,7.5E-05,0.000226,0,0.000151,0,0.000151,7.5E-05,0.000302,0.000226,0.000226,7.5E-05,0,0,0,0.000226,0.000151,0.000302,0.000151,7.5E-05,7.5E-05,0.000452,7.5E-05,7.5E-05,0,0.000151,0,0,0,7.5E-05,0,0,0,0,0,0,0,0,0,0,0,0,0,0,0,0,0,0,0,0,0,0,0,0,0,0,0,0,0,0,0,0,0,0,0,0,0,0,0,0,0,0,0,0,0,0,0,0,0,0,0,0,0,0,0,0,0,0,0,0,0
Eswatini,11601640,0,0,0,0,0,0,0,0,0,8.6E-05,0,0,0,0,0,0,0,0,0,0,0,0,0,0,0,0,0,0,0,0,0,0,0,0,0,8.6E-05,0,0,0,0,0,0,0,0,0,0,0,0,0,0,0,0,0,0,0,8.6E-05,0,0,0,0,0,0,0,0,0,0,0,0,0,0,0,0,0,0,0,0,0,0,0,0,0,0,0,0,0,0,0,0,0,0,0,0,0,0,0,0,0,0,0,0,0,0,0,0,0,0,0,0,0,0,0,0,0,0,0,0,0,0,0,0,0,0,0,0,0,0,0,0,0,0,0,0,0,0,0,0,0,0,0
Ethiopia,1149635880,3E-06,4E-06,0,6E-06,1E-06,1E-06,1E-06,3E-06,2E-06,1E-06,3E-06,0,1E-06,1E-06,0,1E-06,0,0,0,0,0,0,0,0,0,0,0,0,0,0,0,0,1E-06,0,0,0,1E-06,0,0,0,0,0,0,0,0,0,0,0,0,0,0,0,0,0,0,0,0,0,0,0,0,1E-06,0,0,0,0,2E-06,0,0,0,0,0,0,0,0,0,0,0,0,0,0,0,0,0,0,0,0,0,0,0,0,0,0,0,0,0,0,0,0,0,0,0,0,0,0,0,0,0,0,0,0,0,0,0,0,0,0,0,0,0,0,0,0,0,0,0,0,0,0,0,0,0,0,0,0,0,0,0,0
Fiji,8964450,0,0,0,0,0,0,0,0,0,0,0,0,0,0,0,0,0,0,0,0,0,0,0,0,0,0,0,0,0,0,0,0,0,0,0,0,0,0,0,0,0,0,0,0,0,0,0,0,0,0,0,0,0,0,0,0,0,0,0,0,0,0,0,0,0,0,0,0,0,0,0,0,0,0,0,0,0,0,0,0,0,0,0,0,0,0,0,0,0,0,0,0,0,0,0,0,0,0,0,0,0,0,0,0,0,0,0,0,0,0,0,0,0,0,0,0,0,0,0,0,0,0,0,0,0,0,0,0,0,0,0,0,0,0,0,0,0,0,0
Finland,55407200,0,1.8E-05,0,1.8E-05,0,0,1.8E-05,1.8E-05,3.6E-05,-3.6E-05,7.2E-05,3.6E-05,1.8E-05,0,1.8E-05,7.2E-05,1.8E-05,1.8E-05,0,0,3.6E-05,5.4E-05,1.8E-05,3.6E-05,1.8E-05,7.2E-05,0.000108,5.4E-05,0.000162,7.2E-05,7.2E-05,3.6E-05,9E-05,9E-05,5.4E-05,0.000108,0.000108,0.00018,0.00018,3.6E-05,0.000126,9E-05,0.000126,0.000108,5.4E-05,7.2E-05,0.000162,9E-05,0.000415,0.000144,0.000776,7.2E-05,7.2E-05,0.000144,0.000126,5.4E-05,0.000144,9E-05,5.4E-05,0.000126,1.8E-05,0.000108,3.6E-05,0.000108,0.000126,-1.8E-05,5.4E-05,9E-05,1.8E-05,3.6E-05,0,7.2E-05,3.6E-05,3.6E-05,3.6E-05,3.6E-05,3.6E-05,3.6E-05,0,0,0,1.8E-05,0,0,0,0,0,0,0,0,0,0,0,0,0,0,0,0,0,0,0,0,0,0,0,0,0,0,0,0,0,0,0,0,0,0,0,0,0,0,0,0,0,0,0,0,0,0,0,0,0,0,0,0,0,0,0,0,0
France,652735110,3.5E-05,0.000133,8.3E-05,2E-05,4.7E-05,7E-05,6.7E-05,0.000124,0.000164,4.7E-05,4.7E-05,8.7E-05,8E-05,0.000101,0.000101,0.000112,0.000138,5.4E-05,6.6E-05,0.000113,0.000127,0.000169,-0.000332,0.000201,0.000887,0,0.000159,0.000538,0.000127,0.000533,0.000403,0.000107,0.000123,0.000372,0.000273,0.000421,0.00051,0.000466,0.00021,0.000254,0.000334,0.000443,0.000654,0.000562,0.000669,0.000371,0.000565,0.000597,0.000791,0.000833,0.000813,0.000838,0.000605,0.000984,0.001166,0.001154,0.002203,0.001141,0.000879,0.000859,0.000974,0.001512,0.002054,0.000833,0.002171,0.001276,0.000795,0.001615,0.001719,0.001508,0.001351,0.000769,0.000642,0.00045,0.00049,0.000458,0.000559,0.000354,0.000368,0.000285,0.000173,0.000172,0.000317,0.000146,0,0,8.9E-05,0,1.8E-05,4.7E-05,0,2.3E-05,2.1E-05,0,1.2E-05,3E-06,5E-06,3E-06,0,2E-06,2E-06,0,0,0,0,2E-06,0,0,0,0,0,0,0,0,0,0,2E-06,0,0,0,0,0,0,0,0,0,0,0,0,0,0,0,0,0,0,0,0,0,0
Gabon,22257340,4.5E-05,0,0,0,0,0,4.5E-05,0,0.000135,0,0,9E-05,4.5E-05,0,0,0,9E-05,0,0,0,0,0,4.5E-05,0,0,4.5E-05,0,4.5E-05,0,0,4.5E-05,0,0,0,9E-05,0,0,4.5E-05,0,9E-05,0,0,0,0,0,0,0,4.5E-05,4.5E-05,0,0,0,0,0,0,0,0,0,0,0,0,0,0,0,0,0,0,0,0,0,0,0,0,0,0,0,0,0,0,0,0,0,4.5E-05,0,0,0,0,0,0,0,0,0,0,0,0,0,0,0,0,0,0,0,0,0,0,0,0,0,0,0,0,0,0,0,0,0,0,0,0,0,0,0,0,0,0,0,0,0,0,0,0,0,0,0,0,0,0,0,0
Gambia,24166680,0,0,0,0,0,0,0,0,0,0,0,0,0,0,0,0,0,0,0,0,0,0,0,0,0,0,0,0,0,0,0,0,0,0,0,0,0,0,0,0,0,0,0,0,0,0,0,0,0,0,0,0,0,0,0,0,0,0,0,0,0,0,0,0,0,0,0,0,0,0,0,0,0,0,0,0,0,0,0,4.1E-05,0,0,0,0,0,0,0,0,0,0,0,0,0,0,0,0,0,0,0,0,0,0,0,0,0,0,0,0,0,0,0,0,0,0,0,0,0,0,0,0,0,0,0,0,0,0,0,0,0,0,0,0,0,0,0,0,0,0,0
Georgia,39891670,0,0,0,0,0,0,0,0,2.5E-05,0,0,0,0,0,0,0,0,0,0,0,0,0,0,0,0,0,0,2.5E-05,0,0,2.5E-05,0,0,2.5E-05,0,0,0,0,2.5E-05,2.5E-05,2.5E-05,0,0,0,0,2.5E-05,0,0,0,2.5E-05,0,0,0,2.5E-05,0,0,0,0,0,0,0,0,0,0,2.5E-05,0,2.5E-05,2.5E-05,0,0,0,0,0,0,0,0,0,0,0,0,0,0,0,0,0,0,0,0,0,0,0,0,0,0,0,0,0,0,0,0,0,0,0,0,0,0,0,0,0,0,0,0,0,0,0,0,0,0,0,0,0,0,0,0,0,0,0,0,0,0,0,0,0,0,0,0,0,0,0
Germany,837839420,1.9E-05,4.9E-05,1.2E-05,1.4E-05,1.8E-05,2.7E-05,3.9E-05,4.7E-05,1E-05,1.8E-05,1.2E-05,3.1E-05,4.1E-05,5E-05,6.7E-05,7.5E-05,3.1E-05,2.6E-05,3.9E-05,3E-05,7E-05,7.5E-05,9.3E-05,4.9E-05,2.9E-05,4.9E-05,1.6E-05,2.7E-05,0.000147,9.2E-05,0.00011,2.4E-05,4.7E-05,0.000141,0.00014,0.000337,0,0.000152,6.4E-05,9.1E-05,0.000135,0.000186,0.000183,0.000224,0.000179,0.000118,0.00014,0.000221,0.000353,0.000294,0.000204,0.000329,0.000152,0.000128,0.000358,0.000296,0.000609,0.000119,0.000205,0.000341,-3.7E-05,0.000191,0.000308,0.000397,0.000246,0.00027,0.000167,0.000202,0.000201,0.000223,0.000173,0.000155,0.000134,0.000119,0.000109,9E-05,7.3E-05,5.8E-05,4.1E-05,3.5E-05,1.2E-05,2E-05,2.7E-05,1.9E-05,5E-06,8E-06,7E-06,2E-06,2E-06,5E-06,0,1E-06,0,2E-06,0,0,0,0,0,0,0,0,0,0,0,0,0,0,0,0,0,0,0,0,0,0,0,0,0,0,0,0,0,0,0,0,0,0,0,0,0,0,0,0,0,0,0,0,0
Ghana,310729400,0,0,1.3E-05,0,6E-06,1.3E-05,0,0,6E-06,0,3E-06,3E-06,0,0,0,6E-06,0,3E-06,0,0,0,0,6E-06,0,0,3E-06,1.3E-05,0,6E-06,0,0,0,1.3E-05,0,0,0,0,0,0,3E-06,0,3E-06,0,1.6E-05,0,3E-06,0,3E-06,0,0,0,0,0,3E-06,0,0,0,0,0,0,6E-06,0,0,3E-06,0,0,0,0,0,0,0,0,0,0,3E-06,0,0,6E-06,0,3E-06,0,3E-06,0,0,0,0,0,0,0,0,0,0,0,0,0,0,0,0,0,0,0,0,0,0,0,0,0,0,0,0,0,0,0,0,0,0,0,0,0,0,0,0,0,0,0,0,0,0,0,0,0,0,0,0,0,0,0,0,0
Greece,104230540,0,1E-05,1.9E-05,0,0,0,1E-05,0,0,3.8E-05,0,0,0,1.9E-05,0,1E-05,1E-05,0,1.9E-05,1E-05,1.9E-05,1E-05,0,1.9E-05,1E-05,1.9E-05,3.8E-05,1E-05,2.9E-05,1E-05,0,0,1E-05,1.9E-05,1E-05,1E-05,0,1.9E-05,1E-05,2.9E-05,0,1E-05,1E-05,1.9E-05,1.9E-05,3.8E-05,0,4.8E-05,3.8E-05,0,4.8E-05,2.9E-05,2.9E-05,1.9E-05,2.9E-05,2.9E-05,1E-05,1.9E-05,1E-05,4.8E-05,1E-05,4.8E-05,3.8E-05,1.9E-05,1.9E-05,5.8E-05,4.8E-05,4.8E-05,9.6E-05,2.9E-05,1E-05,5.8E-05,4.8E-05,5.8E-05,3.8E-05,1.9E-05,3.8E-05,1.9E-05,2.9E-05,1.9E-05,1.9E-05,6.7E-05,0,1E-05,0,1E-05,0,1E-05,1.9E-05,0,0,1E-05,0,0,0,0,0,0,0,0,0,0,0,0,0,0,0,0,0,0,0,0,0,0,0,0,0,0,0,0,0,0,0,0,0,0,0,0,0,0,0,0,0,0,0,0,0,0,0
Grenada,1125230,0,0,0,0,0,0,0,0,0,0,0,0,0,0,0,0,0,0,0,0,0,0,0,0,0,0,0,0,0,0,0,0,0,0,0,0,0,0,0,0,0,0,0,0,0,0,0,0,0,0,0,0,0,0,0,0,0,0,0,0,0,0,0,0,0,0,0,0,0,0,0,0,0,0,0,0,0,0,0,0,0,0,0,0,0,0,0,0,0,0,0,0,0,0,0,0,0,0,0,0,0,0,0,0,0,0,0,0,0,0,0,0,0,0,0,0,0,0,0,0,0,0,0,0,0,0,0,0,0,0,0,0,0,0,0,0,0,0,0
Guatemala,179155680,0.000151,0.000123,8.4E-05,0.000123,7.8E-05,0.000324,8.4E-05,0.000112,3.9E-05,4.5E-05,3.3E-05,6.7E-05,5.6E-05,6.7E-05,2.8E-05,2.2E-05,6E-06,1.7E-05,2.2E-05,1.7E-05,1.7E-05,1.1E-05,4.5E-05,1.1E-05,0,1.7E-05,6E-06,0,1.1E-05,6E-06,0,1.1E-05,0,6E-06,1.1E-05,1.1E-05,0,1.1E-05,0,6E-06,0,0,6E-06,0,0,1.1E-05,1.1E-05,0,1.7E-05,6E-06,0,0,0,0,1.1E-05,0,0,0,0,1.1E-05,0,0,0,0,0,6E-06,0,6E-06,0,0,0,0,0,0,0,0,0,0,0,0,0,0,0,0,0,0,6E-06,0,0,0,0,0,0,0,0,0,0,0,0,0,0,0,0,0,0,0,0,0,0,0,0,0,0,0,0,0,0,0,0,0,0,0,0,0,0,0,0,0,0,0,0,0,0,0,0,0,0,0,0
Guinea,131327950,0,0,0,0,0,0,0,0,0,0,0,8E-06,0,1.5E-05,0,0,0,0,8E-06,8E-06,0,0,1.5E-05,0,0,8E-06,0,8E-06,2.3E-05,0,0,0,0,0,0,8E-06,8E-06,1.5E-05,0,0,0,0,0,0,0,0,8E-06,0,0,0,8E-06,0,1.5E-05,0,1.5E-05,0,8E-06,0,0,0,0,0,0,0,0,0,0,0,0,0,0,0,0,0,0,0,0,0,0,0,0,0,0,0,0,0,0,0,0,0,0,0,0,0,0,0,0,0,0,0,0,0,0,0,0,0,0,0,0,0,0,0,0,0,0,0,0,0,0,0,0,0,0,0,0,0,0,0,0,0,0,0,0,0,0,0,0,0,0
Guyana,7865520,0,0,0,0,0,0,0,0,0,0,0,0.000127,0,0,0,0,0.000127,0,0,0,0,0,0,0,0,0,0,0,0,0,0,0,0,0,0,0,0.000127,0,0,0,0,0.000127,0,0,0,0.000127,0,0,0,0,0,0,0.000127,0,0,0,0,0,0,0,0,0,0,0.000127,0.000127,0,0,0,0,0.000254,0,0.000127,0,0,0,0,0,0,0,0,0,0,0,0,0,0,0,0,0,0,0.000127,0,0,0,0,0,0,0,0,0,0,0,0,0,0,0,0,0,0,0,0,0,0,0,0,0,0,0,0,0,0,0,0,0,0,0,0,0,0,0,0,0,0,0,0,0,0,0,0
Haiti,114025280,1.8E-05,1.8E-05,2.6E-05,9E-06,0,0,1.8E-05,2.6E-05,0,9E-06,2.6E-05,5.3E-05,9E-06,0,9E-06,5.3E-05,9E-06,0,9E-06,0,2.6E-05,9E-06,0,9E-06,0,0,0,1.8E-05,1.8E-05,0,9E-06,2.6E-05,0,0,0,0,9E-06,1.8E-05,9E-06,0,0,1.8E-05,0,0,0,0,9E-06,0,9E-06,9E-06,0,0,0,0,0,0,0,0,0,9E-06,0,0,9E-06,0,0,0,9E-06,0,0,0,0,0,0,0,0,0,0,0,0,0,0,0,0,0,0,0,0,0,0,0,0,0,0,0,0,0,0,0,0,0,0,0,0,0,0,0,0,0,0,0,0,0,0,0,0,0,0,0,0,0,0,0,0,0,0,0,0,0,0,0,0,0,0,0,0,0,0,0,0
Holy_See,8010,0,0,0,0,0,0,0,0,0,0,0,0,0,0,0,0,0,0,0,0,0,0,0,0,0,0,0,0,0,0,0,0,0,0,0,0,0,0,0,0,0,0,0,0,0,0,0,0,0,0,0,0,0,0,0,0,0,0,0,0,0,0,0,0,0,0,0,0,0,0,0,0,0,0,0,0,0,0,0,0,0,0,0,0,0,0,0,0,0,0,0,0,0,0,0,0,0,0,0,0,0,0,0,0,0,0,0,0,0,0,0,0,0,0,0,0,0,0,0,0,0,0,0,0,0,0,0,0,0,0,0,0,0,0,0,0,0,0,0
Honduras,99046070,0.000192,9.1E-05,4E-05,8.1E-05,2E-05,5E-05,9.1E-05,9.1E-05,8.1E-05,5E-05,0.000111,5E-05,0,2E-05,6.1E-05,6.1E-05,2E-05,0.000131,0,0.000111,9.1E-05,0,1E-05,4E-05,4E-05,4E-05,1E-05,0.000101,2E-05,5E-05,8.1E-05,0,1E-05,2E-05,6.1E-05,6.1E-05,0.000101,1E-05,6.1E-05,1E-05,4E-05,5E-05,2E-05,3E-05,2E-05,0,4E-05,8.1E-05,1E-05,0,0,0,0,5E-05,6.1E-05,4E-05,5E-05,1E-05,0,1E-05,1E-05,0,1E-05,0,0,0,7.1E-05,0,1E-05,4E-05,3E-05,0,4E-05,2E-05,0,0,1E-05,0,0,0,0,0,0,0,0,0,0,0,0,0,0,0,0,0,0,0,0,0,0,0,0,0,0,0,0,0,0,0,0,0,0,0,0,0,0,0,0,0,0,0,0,0,0,0,0,0,0,0,0,0,0,0,0,0,0,0,0,0,0
Hungary,96603510,1E-05,2.1E-05,2.1E-05,1E-05,3.1E-05,3.1E-05,5.2E-05,2.1E-05,5.2E-05,1E-05,2.1E-05,7.2E-05,8.3E-05,4.1E-05,6.2E-05,8.3E-05,5.2E-05,4.1E-05,6.2E-05,3.1E-05,3.1E-05,3.1E-05,5.2E-05,0.000114,3.1E-05,6.2E-05,6.2E-05,6.2E-05,5.2E-05,4.1E-05,8.3E-05,8.3E-05,0.000135,9.3E-05,0.000104,0.000104,0.000124,0.000114,5.2E-05,0.000124,0.000114,0.000124,9.3E-05,0.000114,8.3E-05,0.000104,0,0.000238,0.000145,0.000124,0.000145,0.000104,0.000176,0.000166,0.000145,8.3E-05,0.000124,0.000135,0.000104,0.000145,8.3E-05,0.000114,8.3E-05,0.000114,9.3E-05,4.1E-05,2.1E-05,6.2E-05,5.2E-05,1E-05,4.1E-05,1E-05,2.1E-05,2.1E-05,1E-05,0,0,1E-05,2.1E-05,1E-05,2.1E-05,1E-05,2.1E-05,0,0,0,0,1E-05,0,0,0,0,0,0,0,0,0,0,0,0,0,0,0,0,0,0,0,0,0,0,0,0,0,0,0,0,0,0,0,0,0,0,0,0,0,0,0,0,0,0,0,0,0,0,0,0,0,0,0
Iceland,3412430,0,0,0,0,0,0,0,0,0,0,0,0,0,0,0,0,0,0,0,0,0,0,0,0,0,0,0,0,0,0,0,0,0,0,0,0,0,0,0,0,0,0,0,0,0,0,0,0,0,0,0,0.000293,0,0,0.000293,0,0,0,0,0,0.000293,0.000293,0,0,0,0.000586,0,0,0,0.000586,0,0,0,0,0,0,0,0,0.000293,0,0,0.000293,-0.000293,0,0,0.000293,-0.001465,0.001465,0,0,0,0,0,0,0,0,0,0,0,0,0,0,0,0,0,0,0,0,0,0,0,0,0,0,0,0,0,0,0,0,0,0,0,0,0,0,0,0,0,0,0,0,0,0,0,0,0,0,0
India,13800043850,5.4E-05,2E-05,1.9E-05,1.9E-05,2.2E-05,2.1E-05,2E-05,1.9E-05,1.6E-05,1.4E-05,1.6E-05,1.5E-05,1.9E-05,1.3E-05,1.4E-05,1.2E-05,1.1E-05,1.1E-05,1E-05,1E-05,1.1E-05,1E-05,1.1E-05,9E-06,1.1E-05,9E-06,8E-06,7E-06,1E-05,9E-06,6E-06,8E-06,8E-06,7E-06,8E-06,7E-06,9E-06,1.3E-05,5E-06,7E-06,5E-06,5E-06,5E-06,5E-06,4E-06,4E-06,3E-06,4E-06,3E-06,3E-06,4E-06,2E-06,3E-06,3E-06,3E-06,3E-06,1E-06,3E-06,2E-06,3E-06,3E-06,1E-06,3E-06,2E-06,1E-06,3E-06,1E-06,1E-06,0,1E-06,2E-06,0,0,0,0,0,1E-06,0,0,0,0,0,0,0,0,0,0,0,0,0,0,0,0,0,0,0,0,0,0,0,0,0,0,0,0,0,0,0,0,0,0,0,0,0,0,0,0,0,0,0,0,0,0,0,0,0,0,0,0,0,0,0,0,0,0,0,0,0,0
Indonesia,2735236150,1.3E-05,1.5E-05,1.2E-05,1.8E-05,1.1E-05,1.8E-05,8E-06,1.3E-05,8E-06,1E-05,1.5E-05,1.9E-05,9E-06,8E-06,2E-05,1E-05,7E-06,8E-06,9E-06,1.8E-05,1.3E-05,8E-06,1.1E-05,1.6E-05,2.2E-05,5E-06,1.2E-05,5E-06,8E-06,6E-06,7E-06,5E-06,6E-06,5E-06,1.3E-05,8E-06,3E-06,7E-06,5E-06,1.1E-05,3E-06,3E-06,4E-06,3E-06,8E-06,8E-06,1.1E-05,1.5E-05,4E-06,7E-06,1E-05,3E-06,1.7E-05,5E-06,9E-06,1E-05,4E-06,2.2E-05,1E-05,1.7E-05,8E-06,1E-05,1.5E-05,7E-06,4E-06,4E-06,3E-06,4E-06,4E-06,5E-06,8E-06,5E-06,3E-06,4E-06,5E-06,3E-06,7E-06,1E-06,2E-06,0,4E-06,2E-06,3E-06,2E-06,5E-06,0,0,0,0,1E-06,0,0,0,0,0,0,0,0,0,0,0,0,0,0,0,0,0,0,0,0,0,0,0,0,0,0,0,0,0,0,0,0,0,0,0,0,0,0,0,0,0,0,0,0,0,0,0,0,0
Iran,839929490,9.6E-05,8.8E-05,8.3E-05,8.6E-05,8.9E-05,7.5E-05,7E-05,8.3E-05,7.6E-05,9.6E-05,7.5E-05,6.8E-05,6E-05,7.5E-05,6.7E-05,6.8E-05,4E-05,6.9E-05,7E-05,6.1E-05,7.9E-05,7.6E-05,7.4E-05,8.2E-05,6.1E-05,4.2E-05,5.7E-05,8.5E-05,6E-05,5.7E-05,5.4E-05,6.1E-05,5.7E-05,6.5E-05,8.1E-05,9.3E-05,7.5E-05,8.8E-05,5.6E-05,7.7E-05,7.5E-05,8.5E-05,9.5E-05,8.5E-05,0.000114,7.1E-05,9E-05,0.000111,0.000107,0.000112,0.000105,0.000108,0.000104,8.7E-05,0.000106,0.00011,0.000112,0.000117,0.000132,0.000139,0.000149,0.000145,0.000139,0.000144,0.000158,0.000162,0.00018,0.000188,0.00016,0.000148,0.000164,0.000168,0.000139,0.000146,0.000165,0.000171,0.000187,0.00017,0.000145,0.000151,0.000154,0.000146,0.000177,0.000177,0.000175,0.000161,0.000154,0.000135,0.000115,0.000101,8.9E-05,7.5E-05,6.4E-05,5.1E-05,5.8E-05,2.5E-05,2E-05,1.8E-05,1.8E-05,1.3E-05,1.4E-05,1.3E-05,1.1E-05,1E-05,8E-06,4E-06,5E-06,5E-06,4E-06,1E-06,2E-06,0,2E-06,0,0,0,0,0,0,0,0,0,0,0,0,0,0,0,0,0,0,0,0,0,0,0,0,0,0
Iraq,402224930,8.5E-05,5.5E-05,6E-05,7E-05,8.2E-05,3.5E-05,3.7E-05,5.2E-05,5E-05,2.5E-05,2.5E-05,2.5E-05,1.5E-05,1E-05,1.5E-05,1.5E-05,7E-06,2E-05,1.2E-05,1.7E-05,1.5E-05,7E-06,1E-05,1E-05,5E-06,1E-05,5E-06,0,7E-06,5E-06,2E-06,5E-06,7E-06,5E-06,0,0,1E-05,2E-06,5E-06,2E-06,2E-06,2E-06,5E-06,5E-06,2E-06,2E-06,0,7E-06,0,0,2E-06,0,0,2E-06,2E-06,2E-06,2E-06,0,5E-06,1E-05,5E-06,2E-06,0,1E-05,2E-06,7E-06,1.2E-05,5E-06,0,5E-06,5E-06,1E-05,1E-05,0,5E-06,1E-05,1.7E-05,5E-06,1E-05,7E-06,7E-06,0,1E-05,2E-06,2E-06,2E-06,0,0,2E-06,2E-06,2E-06,0,2E-06,0,5E-06,2E-06,2E-06,0,5E-06,0,0,0,0,0,0,0,0,0,0,0,0,0,0,0,0,0,0,0,0,0,0,0,0,0,0,0,0,0,0,0,0,0,0,0,0,0,0,0,0
Ireland,49377860,8.1E-05,0.000162,8.1E-05,2E-05,0.000162,0.000122,0.000101,2E-05,0.000162,-4.1E-05,2E-05,0.000122,0.000122,0.000162,0.000324,0.000182,-4.1E-05,8.1E-05,0.000243,0.000182,0.000243,0.000203,0.000284,8.1E-05,0.000203,0.000304,0.000243,0.000182,0.000182,0.000425,0.000182,0.000243,0.000344,0.000527,0.000567,0.000729,0.000405,0.000324,0.000344,0.000425,0.000668,0.000851,0.000628,0.001154,0.000304,0.000486,0.000992,0.004455,0.000506,0.00079,0.000871,0.001559,0.00079,0.00083,0.000891,0.000851,0.00077,0.00083,0.000628,0.000284,0.000668,0.000486,0.000567,0.000506,0.000729,0.000324,0.000425,0.000344,0.000446,0.000263,0.000284,0.000344,0.000162,0.000203,0.000284,6.1E-05,0.000203,4.1E-05,2E-05,4.1E-05,2E-05,0,0,2E-05,0,0,0,0,2E-05,0,0,2E-05,0,0,0,0,0,0,0,0,0,0,0,0,0,0,0,0,0,0,0,0,0,0,0,0,0,0,0,0,0,0,0,0,0,0,0,0,0,0,0,0,0,0,0,0,0,0,0
Israel,86555350,0,1.2E-05,0,3.5E-05,4.6E-05,0,0,1.2E-05,5.8E-05,0,1.2E-05,0,0,3.5E-05,0,0,2.3E-05,0,0,0,0,1.2E-05,2.3E-05,4.6E-05,4.6E-05,2.3E-05,1.2E-05,1.2E-05,4.6E-05,2.3E-05,6.9E-05,5.8E-05,2.3E-05,5.8E-05,1.2E-05,1.2E-05,3.5E-05,3.5E-05,3.5E-05,4.6E-05,3.5E-05,8.1E-05,5.8E-05,6.9E-05,3.5E-05,2.3E-05,5.8E-05,2.3E-05,3.5E-05,5.8E-05,8.1E-05,5.8E-05,9.2E-05,0.00015,0.000104,0.000139,8.1E-05,8.1E-05,0.00015,2.3E-05,6.9E-05,0.000104,0.00015,9.2E-05,9.2E-05,9.2E-05,5.8E-05,4.6E-05,4.6E-05,0.000116,6.9E-05,4.6E-05,1.2E-05,3.5E-05,0,4.6E-05,3.5E-05,2.3E-05,2.3E-05,0,0,1.2E-05,0,0,0,0,0,0,0,0,0,0,0,0,0,0,0,0,0,0,0,0,0,0,0,0,0,0,0,0,0,0,0,0,0,0,0,0,0,0,0,0,0,0,0,0,0,0,0,0,0,0,0,0,0,0,0,0,0
Italy,604618260,0.000117,0.000131,0.000108,8.8E-05,0.000119,0.000141,0.000146,0.000117,9.1E-05,9.9E-05,0.000124,0.000184,0.000144,0.000116,0.000194,0.000129,0.000152,8.3E-05,0.000197,0.000215,0.000258,0.000266,0.000268,0.000164,0.00024,0.000253,0.0004,0.000433,0.000323,0.000284,0.000296,0.000273,0.000321,0.000402,0.000453,0.00061,0.00039,0.000323,0.000288,0.000784,0.000445,0.000471,0.000534,0.000632,0.000551,0.00043,0.000686,0.000695,0.000767,0.000723,0.000883,0.000751,0.000716,0.000797,0.000951,0.000868,0.000956,0.000996,0.000936,0.000713,0.001024,0.000943,0.001009,0.000896,0.000999,0.001052,0.000868,0.001126,0.001267,0.001257,0.001202,0.001384,0.001343,0.00125,0.00147,0.00152,0.001178,0.00113,0.001229,0.000994,0.001077,0.001312,0.001037,0.000706,0.000786,0.000571,0.000577,0.000609,0.000289,0.000413,0.000313,0.000324,0.000278,0.00016,0.00022,6E-05,8.1E-05,6.8E-05,4.6E-05,4.5E-05,3E-05,8E-06,1.3E-05,7E-06,8E-06,3E-06,5E-06,7E-06,2E-06,2E-06,2E-06,0,0,0,0,0,0,0,0,0,0,0,0,0,0,0,0,0,0,0,0,0,0,0,0,0,0,0,0
Jamaica,29611670,0,0,0,0,0,0,0,3.4E-05,0,0,0,0,0,0,0,0,0,0,0,0,0,0,0,0,0,0,0,0,0,0,0,0,0,0,0,0,0,0,3.4E-05,0,0,3.4E-05,0,0,0,0,0,3.4E-05,0,0,3.4E-05,0,0,0,0,0,3.4E-05,0,0,0,0,0,0,3.4E-05,0,0,0,0,0,0,6.8E-05,0,0,0,0,0,0,0,0,0,0,0,0,3.4E-05,0,0,0,0,0,0,0,0,0,0,0,0,0,0,0,0,0,0,0,0,0,0,0,0,0,0,0,0,0,0,0,0,0,0,0,0,0,0,0,0,0,0,0,0,0,0,0,0,0,0,0,0,0,0,0
Japan,1264764610,2E-06,0,2E-06,2E-06,-1E-06,4E-06,5E-06,2E-06,2E-06,1E-06,3E-06,6E-06,5E-06,1.8E-05,9E-06,1.3E-05,8E-06,9E-06,9E-06,1.5E-05,7E-06,0,1.5E-05,4E-06,1.5E-05,9E-06,1.3E-05,1.5E-05,1.7E-05,1.9E-05,7E-06,1.3E-05,1.3E-05,1E-05,1.7E-05,0,1.6E-05,3.9E-05,1E-05,1.5E-05,2E-05,1.3E-05,1.5E-05,7E-06,1E-05,9E-06,1.2E-05,1.3E-05,3.7E-05,1.4E-05,2.1E-05,0,1.1E-05,2.5E-05,9E-06,2.5E-05,2E-06,1.6E-05,1.2E-05,7E-06,0,4E-06,1E-06,1E-06,6E-06,6E-06,0,1.1E-05,1E-06,4E-06,1E-06,2E-06,0,2E-06,2E-06,2E-06,2E-06,2E-06,1E-06,1E-06,5E-06,2E-06,3E-06,0,0,2E-06,4E-06,0,2E-06,2E-06,1E-06,4E-06,0,3E-06,0,0,0,0,0,0,0,1E-06,1E-06,0,2E-06,1E-06,0,0,0,0,0,0,0,0,0,0,0,0,1E-06,0,0,0,0,0,0,0,0,0,0,0,0,0,0,0,0,0,0,0,0
Jordan,102031340,0,0,0,0,0,0,0,0,0,0,0,0,0,0,0,0,0,0,0,0,0,0,0,0,0,0,0,0,0,0,0,0,0,0,0,0,0,0,0,1E-05,0,0,0,1E-05,0,0,0,0,0,0,0,0,0,0,0,0,0,0,0,0,0,0,1E-05,0,0,1E-05,0,0,0,0,0,0,2E-05,2E-05,0,1E-05,0,0,0,0,0,0,0,0,0,0,0,0,0,0,0,0,0,0,0,0,0,0,0,0,0,0,0,0,0,0,0,0,0,0,0,0,0,0,0,0,0,0,0,0,0,0,0,0,0,0,0,0,0,0,0,0,0,0,0,0,0,0,0
Kazakhstan,187767070,3.2E-05,2.7E-05,0,1.6E-05,5E-06,0,2.1E-05,2.1E-05,1.6E-05,5E-06,1.1E-05,5E-06,0,0,0,1.1E-05,0,0,0,0,0,0,0,5E-06,0,0,1.1E-05,0,0,0,5E-06,0,0,5E-06,0,5E-06,0,1.1E-05,1.1E-05,0,0,0,0,0,0,0,0,2.7E-05,5E-06,0,0,1.1E-05,0,0,0,5E-06,1.1E-05,1.1E-05,1.1E-05,0,0,1.1E-05,5E-06,5E-06,0,0,5E-06,-5E-06,1.6E-05,0,5E-06,5E-06,0,0,0,0,5E-06,0,0,0,0,-1.6E-05,1.6E-05,0,0,0,0,0,0,0,0,0,0,0,0,0,0,0,0,0,0,0,0,0,0,0,0,0,0,0,0,0,0,0,0,0,0,0,0,0,0,0,0,0,0,0,0,0,0,0,0,0,0,0,0,0,0,0,0
Kenya,537712960,2E-06,6E-06,2E-06,2E-06,7E-06,2E-06,7E-06,6E-06,4E-06,9E-06,2E-06,2E-06,7E-06,6E-06,6E-06,0,2E-06,2E-06,0,0,0,0,0,0,0,9E-06,6E-06,4E-06,7E-06,6E-06,2E-06,4E-06,2E-06,0,6E-06,4E-06,0,0,4E-06,2E-06,7E-06,4E-06,2E-06,0,0,0,0,0,0,0,0,0,4E-06,2E-06,0,2E-06,2E-06,0,2E-06,2E-06,0,0,2E-06,0,0,4E-06,0,0,2E-06,4E-06,0,0,0,0,0,0,2E-06,0,0,0,0,0,0,0,0,0,0,0,0,0,0,0,0,0,0,0,0,0,0,0,0,0,0,0,0,0,0,0,0,0,0,0,0,0,0,0,0,0,0,0,0,0,0,0,0,0,0,0,0,0,0,0,0,0,0,0,0,0,0
Kuwait,42705710,4.7E-05,9.4E-05,0.000117,0.000234,0.000234,0.000187,0.00014,9.4E-05,0.00014,0.000187,0.000164,0.000258,0.000211,0.000234,7E-05,0.000164,0.000211,0.000187,0.000234,0.000211,0.000117,7E-05,7E-05,0.00014,0.000117,0.000258,0.000187,0.00014,0.000164,0.000234,0.000164,0.000211,4.7E-05,7E-05,4.7E-05,4.7E-05,0,4.7E-05,0.000117,7E-05,9.4E-05,4.7E-05,2.3E-05,2.3E-05,4.7E-05,2.3E-05,9.4E-05,2.3E-05,2.3E-05,4.7E-05,4.7E-05,4.7E-05,2.3E-05,2.3E-05,4.7E-05,0,0,2.3E-05,2.3E-05,0,0,0,0,0,0,0,0,2.3E-05,0,0,0,0,0,0,0,0,0,0,0,0,0,0,0,0,0,0,0,0,0,0,0,0,0,0,0,0,0,0,0,0,0,0,0,0,0,0,0,0,0,0,0,0,0,0,0,0,0,0,0,0,0,0,0,0,0,0,0,0,0,0,0,0,0,0,0,0,0,0,0
Kyrgyzstan,65241950,3.1E-05,1.5E-05,1.5E-05,0,0,3.1E-05,0,4.6E-05,1.5E-05,0,0,0,0,0,0,0,3.1E-05,0,0,0,0,0,0,0,0,0,3.1E-05,0,0,0,0,0,0,0,0,1.5E-05,1.5E-05,0,3.1E-05,0,0,0,0,0,0,0,0,0,1.5E-05,0,0,3.1E-05,0,0,0,0,0,0,0,0,0,1.5E-05,0,0,0,4.6E-05,0,0,1.5E-05,0,0,0,0,0,0,0,0,0,0,0,0,0,0,0,0,0,0,0,0,0,0,0,0,0,0,0,0,0,0,0,0,0,0,0,0,0,0,0,0,0,0,0,0,0,0,0,0,0,0,0,0,0,0,0,0,0,0,0,0,0,0,0,0,0,0,0,0,0,0
Laos,72755600,0,0,0,0,0,0,0,0,0,0,0,0,0,0,0,0,0,0,0,0,0,0,0,0,0,0,0,0,0,0,0,0,0,0,0,0,0,0,0,0,0,0,0,0,0,0,0,0,0,0,0,0,0,0,0,0,0,0,0,0,0,0,0,0,0,0,0,0,0,0,0,0,0,0,0,0,0,0,0,0,0,0,0,0,0,0,0,0,0,0,0,0,0,0,0,0,0,0,0,0,0,0,0,0,0,0,0,0,0,0,0,0,0,0,0,0,0,0,0,0,0,0,0,0,0,0,0,0,0,0,0,0,0,0,0,0,0,0,0
Latvia,18861980,0,0,5.3E-05,0,0,0,5.3E-05,0,0,0,0,0,0,5.3E-05,5.3E-05,0,0,0,0,0,5.3E-05,0,0.000106,0,0,0,0,0,5.3E-05,0,0,0,0,0,5.3E-05,0,5.3E-05,0,0,0,5.3E-05,0,0.000106,0,5.3E-05,0,0,5.3E-05,0,0.000106,0.000212,0,0,0,0,0,0,0,0,0.000106,0,0,5.3E-05,0,5.3E-05,0,0,0,5.3E-05,0,0,0,0,0,0,0,0,0,0,0,0,0,0,0,0,0,0,0,0,0,0,0,0,0,0,0,0,0,0,0,0,0,0,0,0,0,0,0,0,0,0,0,0,0,0,0,0,0,0,0,0,0,0,0,0,0,0,0,0,0,0,0,0,0,0,0,0,0,0
Lebanon,68254450,0,0,0,1.5E-05,1.5E-05,0,1.5E-05,0,0,0,1.5E-05,0,0,0,0,0,0,0,0,0,0,0,0,0,0,0,0,0,0,0,0,0,0,1.5E-05,0,0,0,0,0,1.5E-05,0,0,0,0,0,0,2.9E-05,0,0,1.5E-05,0,0,0,0,0,0,0,1.5E-05,0,0,0,1.5E-05,0,0,0,1.5E-05,1.5E-05,0,1.5E-05,2.9E-05,2.9E-05,1.5E-05,1.5E-05,2.9E-05,0,2.9E-05,0,2.9E-05,0,0,0,0,0,1.5E-05,0,0,0,0,0,0,0,2.9E-05,1.5E-05,0,0,0,0,0,0,0,0,0,0,0,0,0,0,0,0,0,0,0,0,0,0,0,0,0,0,0,0,0,0,0,0,0,0,0,0,0,0,0,0,0,0,0,0,0,0
Lesotho,21422490,0,0,0,0,0,0,0,0,0,0,0,0,0,0,0,0,0,0,0,0,0,0,0,0,0,0,0,0,0,0,0,0,0,0,0,0,0,0,0,0,0,0,0,0,0,0,0,0,0,0,0,0,0,0,0,0,0,0,0,0,0,0,0,0,0,0,0,0,0,0,0,0,0,0,0,0,0,0,0,0,0,0,0,0,0,0,0,0,0,0,0,0,0,0,0,0,0,0,0,0,0,0,0,0,0,0,0,0,0,0,0,0,0,0,0,0,0,0,0,0,0,0,0,0,0,0,0,0,0,0,0,0,0,0,0,0,0,0,0
Liberia,50576810,0,2E-05,0,0,0,4E-05,0,0,2E-05,0,0,0,0,0,2E-05,0,0,0,4E-05,2E-05,0,0,2E-05,2E-05,2E-05,0,0,0,0,0,0,0,0,0,0,0,4E-05,0,0,0,4E-05,0,0,7.9E-05,0,2E-05,5.9E-05,0,0,0,0,0,2E-05,0,2E-05,0,0,0,2E-05,0,0,2E-05,0,2E-05,0,0,4E-05,2E-05,0,0,0,0,0,0,0,0,0,0,0,0,0,0,0,0,0,0,0,0,0,0,0,0,0,0,0,0,0,0,0,0,0,0,0,0,0,0,0,0,0,0,0,0,0,0,0,0,0,0,0,0,0,0,0,0,0,0,0,0,0,0,0,0,0,0,0,0,0,0,0
Libya,68712920,0,0,0,0,0,0,0,0,0,0,0,0,0,1.5E-05,1.5E-05,0,0,0,0,0,0,0,0,0,0,0,0,0,0,0,0,0,0,0,0,0,0,0,0,0,0,1.5E-05,0,0,0,0,0,0,1.5E-05,0,0,0,0,0,0,0,0,0,0,0,0,0,0,0,0,0,0,0,0,1.5E-05,0,0,0,0,0,0,0,0,0,0,0,0,0,0,0,0,0,0,0,0,0,0,0,0,0,0,0,0,0,0,0,0,0,0,0,0,0,0,0,0,0,0,0,0,0,0,0,0,0,0,0,0,0,0,0,0,0,0,0,0,0,0,0,0,0,0,0,0,0
Liechtenstein,381280,0,0,0,0,0,0,0,0,0,0,0,0,0,0,0,0,0,0,0,0,0,0,0,0,0,0,0,0,0,0,0,0,0,0,0,0,0,0,0,0,0,0,0,0,0,0,0,0,0,0,0,0,0,0,0,0,0,0,0,0,0,0,0,0,0,0,0,0.002623,0,0,0,0,0,0,0,0,0,0,0,0,0,0,0,0,0,0,0,0,0,0,0,0,0,0,0,0,0,0,0,0,0,0,0,0,0,0,0,0,0,0,0,0,0,0,0,0,0,0,0,0,0,0,0,0,0,0,0,0,0,0,0,0,0,0,0,0,0,0,0
Lithuania,27222890,7.3E-05,3.7E-05,0,0,0,0,0,0,3.7E-05,0,0,7.3E-05,0,7.3E-05,3.7E-05,7.3E-05,0,0,7.3E-05,0,3.7E-05,0,3.7E-05,0.00011,3.7E-05,3.7E-05,0,0,0.000147,0,0,3.7E-05,0,0,3.7E-05,7.3E-05,0,0,0,3.7E-05,0,0,3.7E-05,0.00011,0,0,3.7E-05,0,7.3E-05,0,3.7E-05,7.3E-05,7.3E-05,0,3.7E-05,7.3E-05,3.7E-05,0.000184,3.7E-05,0,3.7E-05,0.00022,3.7E-05,0,0,7.3E-05,7.3E-05,7.3E-05,0,3.7E-05,0,3.7E-05,0,0,7.3E-05,3.7E-05,0,7.3E-05,3.7E-05,0,0,3.7E-05,0,0,0,0,0,0,0,0,0,0,0,0,0,0,0,0,0,0,0,0,0,0,0,0,0,0,0,0,0,0,0,0,0,0,0,0,0,0,0,0,0,0,0,0,0,0,0,0,0,0,0,0,0,0,0,0,0
Luxembourg,6259780,0,0,0,0,0,0,0,0,0,0,0,0,0,0,0,0,0,0.00016,0,0,0,0,0.00032,0,0.000479,0,0.00016,0,0.00016,0.00016,0,0,0.00016,0,0.00032,0.00032,0,0,0.000639,0,0.00032,0.00016,0,0.00016,0,0.000479,0,0.00032,0.000479,0.00032,0.000479,0.00032,0.00016,0,0.000479,0,0.00032,-0.00032,0.000479,0.000639,0.001278,0.00032,0.000959,0.00032,0.000479,0.000799,0.000799,0,0.00016,0.00016,0.000959,0.00016,0.00016,0.000479,0.000479,0.000959,0.00016,0,0,0,0,0.000639,0,0.00032,0.00016,0,0,0,0.00016,0,0,0,0,0,0,0,0,0,0,0,0,0,0,0,0,0,0,0,0,0,0,0,0,0,0,0,0,0,0,0,0,0,0,0,0,0,0,0,0,0,0,0,0,0,0,0,0,0,0
Madagascar,276910180,4E-06,0,0,4E-06,4E-06,0,4E-06,0,0,0,0,4E-06,1.1E-05,0,0,0,0,0,0,0,0,0,4E-06,0,4E-06,0,0,0,0,0,0,0,0,0,0,0,0,0,0,0,0,0,0,0,0,0,0,0,0,0,0,0,0,0,0,0,0,0,0,0,0,0,0,0,0,0,0,0,0,0,0,0,0,0,0,0,0,0,0,0,0,0,0,0,0,0,0,0,0,0,0,0,0,0,0,0,0,0,0,0,0,0,0,0,0,0,0,0,0,0,0,0,0,0,0,0,0,0,0,0,0,0,0,0,0,0,0,0,0,0,0,0,0,0,0,0,0,0,0
Malawi,191299520,0,0,0,0,0,0,0,0,0,0,0,0,0,0,0,0,0,5E-06,0,0,0,0,0,0,0,0,0,0,0,0,0,0,0,0,0,0,0,0,0,0,0,0,0,0,0,0,0,0,0,5E-06,0,0,0,0,0,0,0,0,0,0,5E-06,0,0,0,5E-06,0,0,0,0,0,0,0,0,0,0,0,0,0,0,0,0,0,0,0,0,0,0,0,0,0,0,0,0,0,0,0,0,0,0,0,0,0,0,0,0,0,0,0,0,0,0,0,0,0,0,0,0,0,0,0,0,0,0,0,0,0,0,0,0,0,0,0,0,0,0,0,0,0,0
Malaysia,323659990,3E-06,0,0,0,3E-06,3E-06,0,0,0,0,0,0,0,0,0,0,0,0,0,3E-06,0,0,3E-06,0,0,3E-06,0,3E-06,6E-06,0,3E-06,0,3E-06,0,0,3E-06,3E-06,0,6E-06,0,3E-06,6E-06,0,3E-06,3E-06,0,6E-06,3E-06,6E-06,3E-06,9E-06,0,3E-06,6E-06,6E-06,3E-06,3E-06,1.5E-05,3E-06,9E-06,9E-06,9E-06,6E-06,6E-06,3E-06,3E-06,1.2E-05,1.2E-05,9E-06,1.5E-05,6E-06,1.9E-05,6E-06,2.5E-05,3E-06,9E-06,9E-06,1.2E-05,6E-06,1.2E-05,1.9E-05,3E-06,3E-06,0,0,6E-06,0,0,0,0,0,0,0,0,0,0,0,0,0,0,0,0,0,0,0,0,0,0,0,0,0,0,0,0,0,0,0,0,0,0,0,0,0,0,0,0,0,0,0,0,0,0,0,0,0,0,0,0,0
Maldives,5405440,0,0,0,0,0.000185,0,0,0,0.000185,0.000185,0,0,0,0,0,0.000185,0,0,0,0,0,0,0,0,0,0,0,0,0.000185,0,0,0,0,0,0.000185,0,0.000185,0,0,0,0,0,0.000185,0,0,0,0,0,0,0,0,0,0,0,0,0,0,0,0,0,0,0,0,0,0,0,0,0,0,0,0,0,0,0,0,0,0,0,0,0,0,0,0,0,0,0,0,0,0,0,0,0,0,0,0,0,0,0,0,0,0,0,0,0,0,0,0,0,0,0,0,0,0,0,0,0,0,0,0,0,0,0,0,0,0,0,0,0,0,0,0,0,0,0,0,0,0,0,0
Mali,202508330,1E-05,1E-05,1E-05,0,1.5E-05,1E-05,3E-05,5E-06,0,5E-06,5E-06,1.5E-05,5E-06,1E-05,0,1.5E-05,1E-05,1E-05,5E-06,1E-05,2.5E-05,1E-05,5E-06,0,2E-05,1E-05,0,1E-05,2E-05,5E-06,5E-06,5E-06,1E-05,1.5E-05,0,0,1.5E-05,1E-05,5E-06,0,0,5E-06,5E-06,5E-06,0,1E-05,0,0,2E-05,1.5E-05,0,0,5E-06,0,0,0,0,1.5E-05,5E-06,1E-05,0,0,0,1E-05,0,0,1E-05,0,0,0,5E-06,0,5E-06,5E-06,0,0,0,0,0,0,0,0,0,0,0,0,0,0,0,0,0,0,0,0,0,0,0,0,0,0,0,0,0,0,0,0,0,0,0,0,0,0,0,0,0,0,0,0,0,0,0,0,0,0,0,0,0,0,0,0,0,0,0,0,0,0,0,0,0
Malta,4415430,0,0,0,0,0,0,0,0,0,0,0,0,0.000453,0,0.000226,0,0,0,0,0,0,0,0,0,0,0,0,0,0.000226,0,0,0,0,0,0,0,0.000226,0,0,0,0,0,0,0,0,0,0.000226,0,0,0,0,0,0,0,0,0,0,0,0,0,0.000226,0,0.000226,0.000226,0,0,0,0,0,0,0,0,0,0,0,0,0,0,0,0,0,0,0,0,0,0,0,0,0,0,0,0,0,0,0,0,0,0,0,0,0,0,0,0,0,0,0,0,0,0,0,0,0,0,0,0,0,0,0,0,0,0,0,0,0,0,0,0,0,0,0,0,0,0,0,0,0,0,0
Mauritania,46496580,0.000215,4.3E-05,8.6E-05,0.000129,0.000129,8.6E-05,0.000108,6.5E-05,0.000172,0,6.5E-05,0,2.2E-05,6.5E-05,6.5E-05,8.6E-05,6.5E-05,0,0,2.2E-05,2.2E-05,0,0,0,0,2.2E-05,2.2E-05,0,2.2E-05,0,0,0,0,0,0,0,0,0,0,0,0,0,0,0,0,0,0,0,0,0,0,0,0,0,0,0,0,0,0,0,0,0,0,0,0,0,0,0,0,0,0,0,2.2E-05,0,0,0,0,0,0,0,0,0,0,0,0,0,0,0,0,0,0,0,0,0,0,0,0,0,0,0,0,0,0,0,0,0,0,0,0,0,0,0,0,0,0,0,0,0,0,0,0,0,0,0,0,0,0,0,0,0,0,0,0,0,0,0,0,0,0
Mauritius,12717680,0,0,0,0,0,0,0,0,0,0,0,0,0,0,0,0,0,0,0,0,0,0,0,0,0,0,0,0,0,0,0,0,0,0,0,0,0,0,0,0,0,0,0,0,7.9E-05,0,0,0,0,0,0,0,0,0,0,0,0,0,0,0,0,0.000157,0,0,0,0,0,0,0,7.9E-05,7.9E-05,0.000157,0,7.9E-05,0,0,0,0,0,0,7.9E-05,7.9E-05,0,0,0,0,0,0,0,0,0,0,0,0,0,0,0,0,0,0,0,0,0,0,0,0,0,0,0,0,0,0,0,0,0,0,0,0,0,0,0,0,0,0,0,0,0,0,0,0,0,0,0,0,0,0,0,0,0
Mexico,1289327530,0.000549,0.000462,0.000275,0.000146,0.000264,0.000485,0.000633,0.000847,0.000365,0.000184,0.000117,0.000282,0.000288,0.000347,0.000359,0.000389,0.000185,0.000167,0.000147,0.000372,0.000326,0.000329,0.000259,0.00012,0.000102,0.000216,0.000225,0.000199,0.000228,0.000274,8.4E-05,8.7E-05,0.00015,0.000154,0.000199,0.000153,0.000183,9.1E-05,7.2E-05,6.9E-05,8.8E-05,9.9E-05,0.000126,0.000105,6.4E-05,3.6E-05,6.5E-05,0.000118,7.7E-05,8.8E-05,0.000112,2E-05,2.8E-05,8.1E-05,4.7E-05,2.9E-05,3.3E-05,5.7E-05,2.8E-05,1.8E-05,3.1E-05,3E-05,1.6E-05,2.6E-05,1.2E-05,2.4E-05,1.2E-05,1.5E-05,8E-06,1E-05,6E-06,1E-06,6E-06,3E-06,3E-06,3E-06,2E-06,1E-06,1E-06,1E-06,1E-06,0,1E-06,1E-06,0,0,0,0,0,0,0,0,0,0,0,0,0,0,0,0,0,0,0,0,0,0,0,0,0,0,0,0,0,0,0,0,0,0,0,0,0,0,0,0,0,0,0,0,0,0,0,0,0,0,0,0,0,0,0
Moldova,40339630,0.000149,0.000297,0.000297,0.000248,0.000198,0.000198,0.000124,7.4E-05,5E-05,0.000248,9.9E-05,7.4E-05,0.000149,0.000198,0.000174,0.000149,0.000273,0.000198,0.000124,9.9E-05,0.000124,0.000174,9.9E-05,0.000149,9.9E-05,0.000124,0.000198,0.000223,7.4E-05,0.000174,0.000149,0.000198,0.000273,0.000124,5E-05,0.000174,9.9E-05,0.000174,2.5E-05,5E-05,0.000149,0.000124,0.000198,2.5E-05,0.000149,5E-05,0.000248,9.9E-05,0.000124,7.4E-05,5E-05,7.4E-05,0.000248,2.5E-05,5E-05,0.000198,0.000149,0.000124,9.9E-05,2.5E-05,2.5E-05,0,5E-05,0.000124,7.4E-05,9.9E-05,7.4E-05,9.9E-05,5E-05,2.5E-05,2.5E-05,5E-05,0,0,0,2.5E-05,0,0,0,0,0,0,0,0,2.5E-05,0,0,0,0,0,0,0,0,0,0,0,0,0,0,0,0,0,0,0,0,0,0,0,0,0,0,0,0,0,0,0,0,0,0,0,0,0,0,0,0,0,0,0,0,0,0,0,0,0,0,0,0,0,0
Monaco,392420,0,0,0,0,0,0,0,0,0,0,0,0,0,0,0,0,0,0,0,0,0,0,0,0,0,0,0,0,0,0,0,0,0,0,0,0,0,0,0,0,0,0,0,0,0,0,0,0,0.002548,0,0,0,0,0,0,0,0.005097,0,0,0,0,0,0,0,0,0,0,0,0,0,0,0,0,0.002548,0,0,0,0,0,0,0,0,0,0,0,0,0,0,0,0,0,0,0,0,0,0,0,0,0,0,0,0,0,0,0,0,0,0,0,0,0,0,0,0,0,0,0,0,0,0,0,0,0,0,0,0,0,0,0,0,0,0,0,0,0,0,0,0,0
Mongolia,32782900,0,0,0,0,0,0,0,0,0,0,0,0,0,0,0,0,0,0,0,0,0,0,0,0,0,0,0,0,0,0,0,0,0,0,0,0,0,0,0,0,0,0,0,0,0,0,0,0,0,0,0,0,0,0,0,0,0,0,0,0,0,0,0,0,0,0,0,0,0,0,0,0,0,0,0,0,0,0,0,0,0,0,0,0,0,0,0,0,0,0,0,0,0,0,0,0,0,0,0,0,0,0,0,0,0,0,0,0,0,0,0,0,0,0,0,0,0,0,0,0,0,0,0,0,0,0,0,0,0,0,0,0,0,0,0,0,0,0,0
Montenegro,6280660,0,0,0,0,0,0,0,0,0,0,0,0,0,0,0,0,0,0,0,0,0,0,0,0,0,0,0,0,0,0,0,0.000159,0,0,0,0,0,0,0,0.000159,0,0,0,0,0,0.000159,0,0.000159,0,0,0,0,0,0,0.000159,0,0,0.000159,0,0.000159,0,0,0,0,0,0,0,0,0,0,0,0.000159,0,0,0,0,0,0,0,0.000159,0,0,0,0,0,0,0,0,0,0,0,0,0,0,0,0,0,0,0,0,0,0,0,0,0,0,0,0,0,0,0,0,0,0,0,0,0,0,0,0,0,0,0,0,0,0,0,0,0,0,0,0,0,0,0,0,0,0,0
Morocco,369105600,3E-06,5E-06,0,0,0,0,5E-06,0,3E-06,0,3E-06,5E-06,0,0,0,5E-06,3E-06,3E-06,3E-06,3E-06,5E-06,3E-06,3E-06,0,0,5E-06,0,5E-06,0,0,0,5E-06,0,8E-06,0,5E-06,5E-06,1.4E-05,3E-06,5E-06,3E-06,5E-06,8E-06,8E-06,3E-06,5E-06,3E-06,8E-06,1.6E-05,1.1E-05,5E-06,5E-06,1.1E-05,5E-06,1.4E-05,8E-06,3E-06,0,2.2E-05,1.9E-05,1.1E-05,2.7E-05,1.1E-05,8E-06,2.7E-05,2.7E-05,3E-05,3E-05,1.1E-05,1.4E-05,8E-06,8E-06,1.9E-05,3E-06,5E-06,3.3E-05,1.4E-05,3E-06,3E-06,0,3E-06,0,3E-06,0,0,3E-06,0,0,0,0,0,0,3E-06,0,0,0,0,0,0,0,0,0,0,0,0,0,0,0,0,0,0,0,0,0,0,0,0,0,0,0,0,0,0,0,0,0,0,0,0,0,0,0,0,0,0,0,0,0,0
Mozambique,312554350,0,0,0,0,0,0,0,0,0,0,0,0,0,3E-06,0,0,3E-06,0,0,0,0,0,0,0,0,0,0,0,0,0,0,0,0,0,0,0,0,0,0,0,0,0,0,0,0,0,0,0,0,0,0,0,0,0,0,0,0,0,0,0,0,0,0,0,0,0,0,0,0,0,0,0,0,0,0,0,0,0,0,0,0,0,0,0,0,0,0,0,0,0,0,0,0,0,0,0,0,0,0,0,0,0,0,0,0,0,0,0,0,0,0,0,0,0,0,0,0,0,0,0,0,0,0,0,0,0,0,0,0,0,0,0,0,0,0,0,0,0,0
Namibia,25409050,0,0,0,0,0,0,0,0,0,0,0,0,0,0,0,0,0,0,0,0,0,0,0,0,0,0,0,0,0,0,0,0,0,0,0,0,0,0,0,0,0,0,0,0,0,0,0,0,0,0,0,0,0,0,0,0,0,0,0,0,0,0,0,0,0,0,0,0,0,0,0,0,0,0,0,0,0,0,0,0,0,0,0,0,0,0,0,0,0,0,0,0,0,0,0,0,0,0,0,0,0,0,0,0,0,0,0,0,0,0,0,0,0,0,0,0,0,0,0,0,0,0,0,0,0,0,0,0,0,0,0,0,0,0,0,0,0,0,0
Nepal,291368080,0,3E-06,3E-06,0,7E-06,3E-06,3E-06,3E-06,0,0,7E-06,0,3E-06,3E-06,0,0,3E-06,0,0,0,3E-06,0,0,0,3E-06,3E-06,0,0,0,0,0,0,0,0,0,0,0,0,0,0,0,0,0,0,0,0,0,0,0,0,0,0,0,0,0,0,0,0,0,0,0,0,0,0,0,0,0,0,0,0,0,0,0,0,0,0,0,0,0,0,0,0,0,0,0,0,0,0,0,0,0,0,0,0,0,0,0,0,0,0,0,0,0,0,0,0,0,0,0,0,0,0,0,0,0,0,0,0,0,0,0,0,0,0,0,0,0,0,0,0,0,0,0,0,0,0,0,0,0
Netherlands,171348720,6.4E-05,8.8E-05,1.8E-05,1.2E-05,3.5E-05,8.8E-05,7.6E-05,5.8E-05,2.9E-05,3.5E-05,2.9E-05,0.000117,0.000163,0.000187,8.8E-05,0.000152,4.7E-05,6.4E-05,0.000134,7.6E-05,0.000158,0.000193,0.000123,8.2E-05,5.8E-05,0.000158,0.000309,0.000163,0.000303,0.000315,9.3E-05,0.000105,0.000374,0.000414,0.000496,0.00021,0.000508,0.000152,0.000403,0.000549,0.000572,0.00049,0.000846,0.00028,0.000251,0.000391,0.0007,0.000654,0.000724,0.000811,0.000963,0.000391,0.00049,0.000829,0.00084,0.001062,0.001109,0.000712,0.000502,0.000549,0.000776,0.000683,0.000864,0.000858,0.001366,0.000601,0.000671,0.000969,0.00087,0.000969,0.000788,0.001021,0.000543,0.00077,0.000543,0.000654,0.000455,0.000467,0.000368,0.000198,0.000251,0.000175,0.000175,0.000111,8.8E-05,0.000111,2.3E-05,4.7E-05,1.2E-05,2.9E-05,0,6E-06,6E-06,0,1.2E-05,0,6E-06,0,0,0,0,0,0,0,0,0,0,0,0,0,0,0,0,0,0,0,0,0,0,0,0,0,0,0,0,0,0,0,0,0,0,0,0,0,0,0,0,0,0
New_Zealand,48222330,0,0,0,0,0,0,0,0,0,0,0,0,0,0,2.1E-05,0,0,0,0,0,0,0,0,0,0,0,0,0,0,0,0,0,0,0,0,0,2.1E-05,0,0,0,2.1E-05,0,0,0,0,2.1E-05,0,2.1E-05,6.2E-05,2.1E-05,2.1E-05,0,2.1E-05,0,4.1E-05,0,0,8.3E-05,2.1E-05,0,4.1E-05,2.1E-05,0,0,0,0,0,0,0,0,0,0,0,2.1E-05,0,0,0,0,0,0,0,0,0,0,0,0,0,0,0,0,0,0,0,0,0,0,0,0,0,0,0,0,0,0,0,0,0,0,0,0,0,0,0,0,0,0,0,0,0,0,0,0,0,0,0,0,0,0,0,0,0,0,0,0,0,0,0,0,0
Nicaragua,66245540,0,0.000136,0,0,0,0,0,0,0.000166,0,0,0,0,0,0,0.000272,0,0,0,0,0,0,0.000136,0,0,0,0,0,0,4.5E-05,0,0,0,0,0,0,0,0,3E-05,0,0,0,0,0,0,0,0,0,1.5E-05,0,0,0,0,1.5E-05,0,0,0,0,0,0,0,0,0,0,0,0,0,0,0,0,0,0,0,0,0,1.5E-05,0,0,0,0,0,0,0,0,0,0,0,0,0,0,0,0,0,0,0,0,0,0,0,0,0,0,0,0,0,0,0,0,0,0,0,0,0,0,0,0,0,0,0,0,0,0,0,0,0,0,0,0,0,0,0,0,0,0,0,0,0,0,0
Niger,242066440,0,0,0,0,0,0,0,0,0,4E-06,0,0,0,4E-06,0,4E-06,4E-06,0,4E-06,0,8E-06,1.2E-05,0,4E-06,1.2E-05,0,4E-06,4E-06,8E-06,4E-06,0,4E-06,4E-06,8E-06,1.7E-05,0,4E-06,4E-06,4E-06,8E-06,4E-06,0,4E-06,8E-06,0,8E-06,1.2E-05,0,8E-06,8E-06,0,0,4E-06,4E-06,1.7E-05,0,0,8E-06,0,4E-06,0,0,0,0,4E-06,0,8E-06,1.2E-05,0,0,8E-06,0,8E-06,0,0,0,0,4E-06,0,0,0,0,0,0,0,0,0,0,0,0,0,0,0,0,0,0,0,0,0,0,0,0,0,0,0,0,0,0,0,0,0,0,0,0,0,0,0,0,0,0,0,0,0,0,0,0,0,0,0,0,0,0,0,0,0,0,0,0,0
Nigeria,2061395890,8E-06,2E-06,3E-06,6E-06,4E-06,5E-06,4E-06,0,7E-06,6E-06,7E-06,6E-06,1E-06,2E-06,2E-06,8E-06,3E-06,2E-06,0,5E-06,5E-06,4E-06,0,4E-06,3E-06,2E-06,2E-06,1E-06,3E-06,4E-06,3E-06,7E-06,5E-06,5E-06,2E-06,2E-06,2E-06,3E-06,1E-06,8E-06,5E-06,3E-06,3E-06,2E-06,0,2E-06,1E-06,0,1E-06,3E-06,0,0,1E-06,1E-06,2E-06,0,0,0,0,0,1E-06,0,0,0,0,0,0,0,1E-06,0,0,0,0,0,0,0,0,0,0,0,0,0,0,0,0,0,0,0,0,0,0,0,0,0,0,0,0,0,0,0,0,0,0,0,0,0,0,0,0,0,0,0,0,0,0,0,0,0,0,0,0,0,0,0,0,0,0,0,0,0,0,0,0,0,0,0,0,0,0
North_Macedonia,20833740,0.000336,4.8E-05,0.000144,9.6E-05,9.6E-05,9.6E-05,9.6E-05,0.000192,4.8E-05,0.000336,9.6E-05,0.00024,0.00024,9.6E-05,0.000144,0.000144,0,0,4.8E-05,4.8E-05,4.8E-05,0.000192,9.6E-05,0.000144,0.000144,4.8E-05,9.6E-05,0,0.000144,4.8E-05,0,0,4.8E-05,4.8E-05,4.8E-05,9.6E-05,4.8E-05,4.8E-05,9.6E-05,4.8E-05,0.000192,0.000192,9.6E-05,0.000288,0.000192,9.6E-05,9.6E-05,4.8E-05,0,4.8E-05,4.8E-05,0.000144,9.6E-05,0,0.000144,4.8E-05,4.8E-05,0.000288,0.000192,0,9.6E-05,9.6E-05,4.8E-05,0.000144,0.000144,0.00024,4.8E-05,0.00024,4.8E-05,0,9.6E-05,9.6E-05,4.8E-05,9.6E-05,4.8E-05,0,0,4.8E-05,0,4.8E-05,4.8E-05,0,0,0,0,0,0,0,0,0,0,0,0,0,0,0,0,0,0,0,0,0,0,0,0,0,0,0,0,0,0,0,0,0,0,0,0,0,0,0,0,0,0,0,0,0,0,0,0,0,0,0,0,0,0,0,0,0,0
Norway,54212410,0,0,1.8E-05,0,0,0,1.8E-05,0,1.8E-05,0,0,0,0,1.8E-05,0,0,0,0,0,0,1.8E-05,1.8E-05,0,1.8E-05,0,0,0,5.5E-05,1.8E-05,7.4E-05,9.2E-05,0,1.8E-05,1.8E-05,1.8E-05,1.8E-05,1.8E-05,5.5E-05,0,1.8E-05,0,5.5E-05,1.8E-05,1.8E-05,7.4E-05,0,3.7E-05,9.2E-05,0.000129,9.2E-05,1.8E-05,0.000295,1.8E-05,5.5E-05,0.000166,3.7E-05,0.000203,9.2E-05,0.000111,0.000166,0.000111,9.2E-05,0.000129,0.000221,0.00024,9.2E-05,0.000166,5.5E-05,0.000166,0.000111,9.2E-05,0.000129,0.000129,3.7E-05,7.4E-05,9.2E-05,0,3.7E-05,3.7E-05,5.5E-05,0,0,0,1.8E-05,5.5E-05,0,0,0,5.5E-05,0,0,0,0,0,0,0,0,0,0,0,0,0,0,0,0,0,0,0,0,0,0,0,0,0,0,0,0,0,0,0,0,0,0,0,0,0,0,0,0,0,0,0,0,0,0,0,0,0,0
Oman,51066260,2E-05,3.9E-05,0.000117,5.9E-05,0,9.8E-05,0,0.000157,0.000176,2E-05,0.000137,3.9E-05,0,2E-05,3.9E-05,0,0,2E-05,3.9E-05,5.9E-05,2E-05,5.9E-05,3.9E-05,5.9E-05,2E-05,2E-05,3.9E-05,2E-05,0,0,0,0,2E-05,2E-05,3.9E-05,0,2E-05,0,0,2E-05,0,2E-05,0,0,0,0,0,2E-05,2E-05,0,2E-05,0,2E-05,0,3.9E-05,0,0,0,0,2E-05,0,0,2E-05,0,0,0,0,2E-05,0,0,0,2E-05,0,0,0,0,0,0,0,0,0,0,0,0,0,0,0,0,0,0,0,0,0,0,0,0,0,0,0,0,0,0,0,0,0,0,0,0,0,0,0,0,0,0,0,0,0,0,0,0,0,0,0,0,0,0,0,0,0,0,0,0,0,0,0,0,0,0,0
Pakistan,2208923400,4.6E-05,3.8E-05,4.8E-05,2.9E-05,3E-05,4.4E-05,3.1E-05,3.7E-05,3E-05,3.5E-05,2.7E-05,4E-05,3.5E-05,2.6E-05,1.6E-05,1.3E-05,1.4E-05,1.5E-05,1.4E-05,1.5E-05,2.3E-05,1.4E-05,2.1E-05,1.6E-05,1.4E-05,1.8E-05,0,2.9E-05,4E-06,1.1E-05,1.4E-05,2.1E-05,1E-05,1.7E-05,6E-06,1E-05,2.3E-05,1.7E-05,9E-06,8E-06,1E-05,1.4E-05,1.9E-05,1.4E-05,9E-06,5E-06,5E-06,7E-06,7E-06,1.1E-05,5E-06,1.1E-05,4E-06,1.1E-05,4E-06,3E-06,8E-06,7E-06,1E-06,1E-06,2E-06,9E-06,0,2E-06,2E-06,2E-06,3E-06,3E-06,0,3E-06,3E-06,0,2E-06,3E-06,1E-06,0,1E-06,0,0,0,0,1E-06,0,0,1E-06,0,0,0,0,0,0,0,0,0,0,0,0,0,0,0,0,0,0,0,0,0,0,0,0,0,0,0,0,0,0,0,0,0,0,0,0,0,0,0,0,0,0,0,0,0,0,0,0,0,0,0,0,0,0
Panama,43147670,0.000232,0.000116,0.000116,0.000162,0.000371,0.000162,0.000139,0.000116,0.000185,0.000185,0.000139,9.3E-05,0.000139,0.000116,4.6E-05,7E-05,9.3E-05,0.000162,9.3E-05,9.3E-05,9.3E-05,0.000139,4.6E-05,9.3E-05,0.000139,7E-05,0.000139,9.3E-05,9.3E-05,7E-05,0.000116,0.000162,0.000139,0.000139,0.000162,0.000185,0.000232,7E-05,0,0.000116,9.3E-05,0.000232,0.000255,0,4.6E-05,0.000139,0.000116,0.000185,0.000116,0.000116,0.000232,0.000139,9.3E-05,0.000162,0.000139,0.000185,2.3E-05,0.000162,0.000185,0.000116,0.000185,7E-05,9.3E-05,9.3E-05,2.3E-05,0.000185,0.000116,9.3E-05,0.000116,4.6E-05,0,0.000139,0.000162,7E-05,0.000116,2.3E-05,0,4.6E-05,0,7E-05,4.6E-05,0,0,0,0,0,0,0,0,0,0,2.3E-05,0,0,0,0,0,0,0,0,0,0,0,0,0,0,0,0,0,0,0,0,0,0,0,0,0,0,0,0,0,0,0,0,0,0,0,0,0,0,0,0,0,0,0,0,0,0,0
Papua_New_Guinea,89470240,0,0,0,0,0,0,0,0,0,0,0,0,0,0,0,0,0,0,0,0,0,0,0,0,0,0,0,0,0,0,0,0,0,0,0,0,0,0,0,0,0,0,0,0,0,0,0,0,0,0,0,0,0,0,0,0,0,0,0,0,0,0,0,0,0,0,0,0,0,0,0,0,0,0,0,0,0,0,0,0,0,0,0,0,0,0,0,0,0,0,0,0,0,0,0,0,0,0,0,0,0,0,0,0,0,0,0,0,0,0,0,0,0,0,0,0,0,0,0,0,0,0,0,0,0,0,0,0,0,0,0,0,0,0,0,0,0,0,0
Paraguay,71325380,0,0,0,0,0,0,0,0,0,0,0,0,0,0,0,0,0,0,0,0,0,0,0,0,0,0,0,0,1.4E-05,0,0,0,0,0,0,0,0,0,0,0,0,1.4E-05,0,0,0,0,0,0,0,1.4E-05,0,0,0,0,0,0,1.4E-05,1.4E-05,0,0,0,1.4E-05,0,0,0,2.8E-05,0,0,0,0,0,0,0,0,0,0,0,1.4E-05,1.4E-05,0,0,1.4E-05,0,0,0,0,0,0,0,0,0,0,0,0,0,0,0,0,0,0,0,0,0,0,0,0,0,0,0,0,0,0,0,0,0,0,0,0,0,0,0,0,0,0,0,0,0,0,0,0,0,0,0,0,0,0,0,0,0
Peru,329718540,0.0005,0.000506,0.000321,0.000497,0.000422,0.000397,0.000416,0.000789,0,0.000388,0.000409,0.000428,0.000397,0.000352,0.000591,0.000482,0.000525,0.000252,0.000391,0.000291,0.000376,0.000334,0.000379,0.000428,0.000379,0.000397,0.000379,0.000297,0.00034,0.000291,0.000218,0.000227,0.000303,0.000264,0.000285,0.00027,0.000303,0.000176,0.000261,0.00023,0.000221,0.000328,0.00027,0.000218,0.000164,8.5E-05,0.0002,0.000188,0.000127,0.00014,0.000118,0.000136,0.000158,0.000146,7.9E-05,6.1E-05,7.3E-05,4.2E-05,7E-05,3.6E-05,3.6E-05,9.4E-05,5.2E-05,4.2E-05,4.5E-05,2.7E-05,3E-05,3.6E-05,1.8E-05,5.2E-05,2.4E-05,1.8E-05,1.8E-05,6E-06,1.5E-05,6E-06,0,6E-06,6E-06,0,0,6E-06,9E-06,0,0,0,0,0,0,0,0,0,0,0,0,0,0,0,0,0,0,0,0,0,0,0,0,0,0,0,0,0,0,0,0,0,0,0,0,0,0,0,0,0,0,0,0,0,0,0,0,0,0,0,0,0,0,0,0
Philippines,1095810780,9E-06,5E-06,7E-06,8E-06,6E-06,3E-06,9E-06,7E-06,5E-06,3E-06,6E-06,7E-06,1.9E-05,1.6E-05,1.6E-05,1.2E-05,5E-06,5E-06,5E-06,1E-05,4E-06,5E-06,5E-06,6E-06,6E-06,1E-05,1.5E-05,1.6E-05,1.9E-05,2.3E-05,6E-06,1.4E-05,7E-06,1E-05,2.5E-05,1.9E-05,1.3E-05,1.5E-05,4E-06,2.2E-05,1E-05,9E-06,2.6E-05,1.7E-05,9E-06,6E-06,1.6E-05,1.4E-05,1.5E-05,8E-06,8E-06,1.7E-05,1.1E-05,9E-06,2.3E-05,1.2E-05,1.3E-05,1.8E-05,1.6E-05,4.6E-05,2.4E-05,1.6E-05,1.9E-05,5E-06,1.3E-05,1E-05,7E-06,7E-06,2.6E-05,1E-05,7E-06,9E-06,6E-06,3E-06,1.3E-05,8E-06,6E-06,3E-06,2E-06,7E-06,5E-06,1E-06,1E-06,-2E-06,6E-06,0,1E-06,3E-06,3E-06,3E-06,1E-06,0,0,0,0,0,0,0,0,0,0,0,0,0,0,0,0,0,0,0,0,0,0,0,0,0,0,0,0,0,0,0,0,0,0,0,0,0,0,1E-06,0,0,0,0,0,0,0,0,0
Poland,378466110,6.1E-05,4.5E-05,2.4E-05,1.1E-05,4.2E-05,5.3E-05,5E-06,6.1E-05,4.8E-05,2.6E-05,8E-06,2.6E-05,3.4E-05,2.6E-05,1.1E-05,4.5E-05,2.9E-05,8E-06,2.9E-05,2.6E-05,2.6E-05,3.7E-05,3.2E-05,2.9E-05,2.6E-05,2.1E-05,6.3E-05,5.8E-05,5.8E-05,7.4E-05,2.9E-05,4E-05,2.4E-05,5.5E-05,5.8E-05,4.5E-05,4.8E-05,5.3E-05,3.7E-05,3.4E-05,1.8E-05,5.3E-05,7.4E-05,9E-05,7.1E-05,2.9E-05,7.9E-05,0.000106,7.4E-05,6.6E-05,5.5E-05,5.3E-05,3.4E-05,4E-05,4.8E-05,7.4E-05,6.1E-05,4.8E-05,3.4E-05,6.3E-05,7.1E-05,1.8E-05,4E-05,7.9E-05,5.8E-05,3.4E-05,4E-05,2.1E-05,3.7E-05,3.7E-05,2.6E-05,5E-06,2.4E-05,1.1E-05,5E-06,0,5E-06,1.1E-05,5E-06,3E-06,5E-06,0,0,0,0,3E-06,3E-06,0,3E-06,3E-06,3E-06,0,0,0,0,0,0,0,0,0,0,0,0,0,0,0,0,0,0,0,0,0,0,0,0,0,0,0,0,0,0,0,0,0,0,0,0,0,0,0,0,0,0,0,0,0,0,0,0
Portugal,101967090,4.9E-05,6.9E-05,5.9E-05,4.9E-05,8.8E-05,9.8E-05,7.8E-05,0.000108,0.000118,0.000137,0.000137,0.000127,0.000137,0.000127,0.000137,0.000118,0.000137,0.000137,0.000127,0.000118,0.000137,0.000157,0.000157,0.000127,0.000147,0.000127,5.9E-05,8.8E-05,0.000118,0.000186,8.8E-05,8.8E-05,0.000118,8.8E-05,0.000157,0.000147,0.000108,0.000196,0.000196,0.000157,0.000177,0.000157,0.000245,0.000196,0.000245,0.000226,0.000255,0.000333,0.000343,0.000226,0.000265,0.000206,0.000265,0.000294,0.000275,0.000294,0.000314,0.000314,0.000304,0.000333,0.000343,0.000255,0.000284,0.000343,0.000333,0.000157,0.000284,0.000196,0.000363,0.000216,0.000265,0.000196,0.000206,0.000186,0.000235,0.000157,0.000167,9.8E-05,9.8E-05,8.8E-05,2E-05,5.9E-05,2.9E-05,1E-05,1E-05,1E-05,0,0,0,0,0,0,0,0,0,0,0,0,0,0,0,0,0,0,0,0,0,0,0,0,0,0,0,0,0,0,0,0,0,0,0,0,0,0,0,0,0,0,0,0,0,0,0,0,0,0,0,0,0
Qatar,28810530,0.000139,0.000174,0.000104,0.000104,6.9E-05,0.000139,0,6.9E-05,0.000104,6.9E-05,6.9E-05,0,0.000104,0.000104,6.9E-05,6.9E-05,0.000104,6.9E-05,6.9E-05,6.9E-05,3.5E-05,3.5E-05,0,0,0,3.5E-05,0,0,0,0,0,3.5E-05,3.5E-05,0,0,0,0,0,0,0,6.9E-05,0,0,0,0,0,0,0,0,3.5E-05,0,3.5E-05,0,3.5E-05,0,0,0,0,0,3.5E-05,0,0,0,0,6.9E-05,0,3.5E-05,0,0,3.5E-05,0,3.5E-05,0,0,3.5E-05,0,0,0,0,0,0,0,0,0,0,0,0,0,0,0,0,0,0,0,0,0,0,0,0,0,0,0,0,0,0,0,0,0,0,0,0,0,0,0,0,0,0,0,0,0,0,0,0,0,0,0,0,0,0,0,0,0,0,0,0,0,0,0,0
Romania,192376910,3.1E-05,7.8E-05,3.1E-05,5.7E-05,3.1E-05,5.7E-05,4.7E-05,4.2E-05,6.2E-05,5.2E-05,3.6E-05,5.7E-05,6.8E-05,4.2E-05,5.7E-05,5.7E-05,0.000104,4.7E-05,5.2E-05,5.2E-05,4.7E-05,5.2E-05,8.8E-05,6.8E-05,6.8E-05,0.000125,8.8E-05,8.8E-05,0.000177,0.000104,0.000109,0.000114,8.3E-05,0.000182,0.000125,0.00012,0.00012,0.000146,9.9E-05,0.00014,0.00014,0.000125,0.000156,0.000114,0.000114,9.4E-05,0.000177,0.000114,0.000109,0.000135,0.000104,0.00014,0.000156,5.2E-05,9.9E-05,0.000104,0.000109,0.000104,7.8E-05,0.00013,0.000109,0.000114,0.000146,0.00012,0.000109,0.00013,2.6E-05,6.8E-05,9.4E-05,0.00012,5.2E-05,8.8E-05,0.000114,3.1E-05,5.7E-05,1.6E-05,3.1E-05,3.1E-05,2.1E-05,2.1E-05,1.6E-05,0,0,0,0,0,0,0,0,0,0,0,0,0,0,0,0,0,0,0,0,0,0,0,0,0,0,0,0,0,0,0,0,0,0,0,0,0,0,0,0,0,0,0,0,0,0,0,0,0,0,0,0,0,0,0,0,0,0
Russia,1459344620,0.000148,0.000117,7.7E-05,9.2E-05,0.000135,9.9E-05,0.000115,0.000121,0.000125,0.000107,9.5E-05,0.000124,0.000159,0.000119,0.00011,0.000119,6.3E-05,0.000105,9.5E-05,0.000103,8.7E-05,9.3E-05,7.9E-05,6.2E-05,6.4E-05,8.2E-05,7.7E-05,6.4E-05,6.6E-05,7.3E-05,6.4E-05,6E-05,7.1E-05,6.7E-05,6E-05,5.9E-05,6.5E-05,5.2E-05,4E-05,3.6E-05,6.6E-05,6.9E-05,7.2E-05,5E-05,3.2E-05,4.5E-05,4.5E-05,4.1E-05,2.9E-05,3.9E-05,3.5E-05,3E-05,3.3E-05,2.7E-05,2.8E-05,2.3E-05,1.9E-05,1.5E-05,1.2E-05,1.6E-05,8E-06,1.2E-05,9E-06,3E-06,8E-06,1E-06,1E-06,6E-06,3E-06,4E-06,5E-06,5E-06,1E-06,3E-06,0,1E-06,0,1E-06,0,0,0,0,0,1E-06,0,0,0,0,0,0,0,0,0,0,0,0,0,0,0,0,0,0,0,0,0,0,0,0,0,0,0,0,0,0,0,0,0,0,0,0,0,0,0,0,0,0,0,0,0,0,0,0,0,0,0,0,0,0,0
Rwanda,129522180,0,0,0,0,0,0,0,0,8E-06,0,0,8E-06,0,0,0,0,0,0,0,0,0,0,0,0,0,0,0,0,0,0,0,0,0,0,0,0,0,0,0,0,0,0,0,0,0,0,0,0,0,0,0,0,0,0,0,0,0,0,0,0,0,0,0,0,0,0,0,0,0,0,0,0,0,0,0,0,0,0,0,0,0,0,0,0,0,0,0,0,0,0,0,0,0,0,0,0,0,0,0,0,0,0,0,0,0,0,0,0,0,0,0,0,0,0,0,0,0,0,0,0,0,0,0,0,0,0,0,0,0,0,0,0,0,0,0,0,0,0,0
Saint_Lucia,1836270,0,0,0,0,0,0,0,0,0,0,0,0,0,0,0,0,0,0,0,0,0,0,0,0,0,0,0,0,0,0,0,0,0,0,0,0,0,0,0,0,0,0,0,0,0,0,0,0,0,0,0,0,0,0,0,0,0,0,0,0,0,0,0,0,0,0,0,0,0,0,0,0,0,0,0,0,0,0,0,0,0,0,0,0,0,0,0,0,0,0,0,0,0,0,0,0,0,0,0,0,0,0,0,0,0,0,0,0,0,0,0,0,0,0,0,0,0,0,0,0,0,0,0,0,0,0,0,0,0,0,0,0,0,0,0,0,0,0,0
San_Marino,339310,0,0,0,0,0,0,0,0,0,0,0,0,0,0,0,0,0,0,0.002947,0,0,0,0,0,0,0,0,0,0,0,0,0,0,0,0,0,0,0,0,0,0,0,0,0,0,0.002947,0,0,0,0,0.002947,0,0,0,0.002947,0.005894,0,0.002947,0,0,0.002947,0,0,0,0.005894,0,0,0.005894,0,0.011789,0,0.002947,0.008841,0,0.002947,0,0,0,0.002947,0,0,0.017683,0.008841,0,0.011789,0,0.005894,0,0,0.005894,0.002947,0,0.002947,0,0,0,0,0,0,0.002947,0,0,0,0,0,0,0,0,0,0,0,0,0,0,0,0,0,0,0,0,0,0,0,0,0,0,0,0,0,0,0,0,0,0,0,0,0,0,0
Saudi_Arabia,348138710,0.000103,0.000106,9.8E-05,0.000103,9.8E-05,8.9E-05,9.2E-05,8.6E-05,6.9E-05,6.3E-05,6.6E-05,6.3E-05,4.9E-05,4.6E-05,4E-05,3.4E-05,2.6E-05,3.2E-05,4.3E-05,3.7E-05,3.4E-05,2.9E-05,2.6E-05,2.3E-05,2.9E-05,2.9E-05,2.6E-05,2.9E-05,2.6E-05,2.6E-05,2.6E-05,2E-05,2.9E-05,2.9E-05,2.9E-05,2.6E-05,2.6E-05,2E-05,2.3E-05,2E-05,2E-05,1.4E-05,1.4E-05,2.3E-05,1.4E-05,9E-06,2.6E-05,1.7E-05,2E-05,1.4E-05,1.7E-05,1.7E-05,1.4E-05,1.4E-05,1.1E-05,1.1E-05,1.7E-05,2.3E-05,1.7E-05,2E-05,1.4E-05,9E-06,9E-06,0,9E-06,1.1E-05,1.4E-05,1.1E-05,1.1E-05,1.4E-05,1.7E-05,6E-06,0,1.1E-05,3E-06,0,3E-06,3E-06,3E-06,0,0,0,0,0,0,0,0,0,0,0,0,0,0,0,0,0,0,0,0,0,0,0,0,0,0,0,0,0,0,0,0,0,0,0,0,0,0,0,0,0,0,0,0,0,0,0,0,0,0,0,0,0,0,0,0,0,0,0,0
Senegal,167439270,0,1.8E-05,0,1.2E-05,1.2E-05,0,0,1.2E-05,6E-06,0,0,6E-06,1.2E-05,6E-06,1.2E-05,6E-06,0,6E-06,6E-06,0,1.8E-05,0,2.4E-05,6E-06,0,0,1.2E-05,1.2E-05,1.2E-05,0,0,1.2E-05,2.4E-05,0,6E-06,6E-06,6E-06,6E-06,0,0,0,0,0,0,0,1.2E-05,0,6E-06,0,6E-06,0,1.2E-05,0,6E-06,0,0,0,0,0,0,0,0,0,0,0,0,0,6E-06,0,0,6E-06,0,0,0,0,0,0,0,0,0,0,0,0,0,0,0,0,0,0,0,0,0,0,0,0,0,0,0,0,0,0,0,0,0,0,0,0,0,0,0,0,0,0,0,0,0,0,0,0,0,0,0,0,0,0,0,0,0,0,0,0,0,0,0,0,0,0,0,0
Serbia,87373710,1.1E-05,0,1.1E-05,1.1E-05,1.1E-05,1.1E-05,1.1E-05,0,1.1E-05,1.1E-05,1.1E-05,0,1.1E-05,1.1E-05,1.1E-05,0,1.1E-05,0,1.1E-05,0,2.3E-05,1.1E-05,3.4E-05,1.1E-05,2.3E-05,3.4E-05,1.1E-05,2.3E-05,2.3E-05,2.3E-05,3.4E-05,0,6.9E-05,3.4E-05,3.4E-05,3.4E-05,3.4E-05,4.6E-05,4.6E-05,0.000114,0,6.9E-05,5.7E-05,6.9E-05,6.9E-05,5.7E-05,8E-05,5.7E-05,5.7E-05,4.6E-05,5.7E-05,3.4E-05,5.7E-05,8E-05,8E-05,4.6E-05,5.7E-05,0.000103,5.7E-05,6.9E-05,3.4E-05,5.7E-05,1.1E-05,4.6E-05,3.4E-05,8E-05,8E-05,5.7E-05,9.2E-05,3.4E-05,0.000137,0,3.4E-05,3.4E-05,0.000103,0,-3.4E-05,1.1E-05,0,1.1E-05,1.1E-05,0,1.1E-05,0,0,0,0,0,0,0,0,0,0,0,0,0,0,0,0,0,0,0,0,0,0,0,0,0,0,0,0,0,0,0,0,0,0,0,0,0,0,0,0,0,0,0,0,0,0,0,0,0,0,0,0,0,0,0,0
Seychelles,983470,0,0,0,0,0,0,0,0,0,0,0,0,0,0,0,0,0,0,0,0,0,0,0,0,0,0,0,0,0,0,0,0,0,0,0,0,0,0,0,0,0,0,0,0,0,0,0,0,0,0,0,0,0,0,0,0,0,0,0,0,0,0,0,0,0,0,0,0,0,0,0,0,0,0,0,0,0,0,0,0,0,0,0,0,0,0,0,0,0,0,0,0,0,0,0,0,0,0,0,0,0,0,0,0,0,0,0,0,0,0,0,0,0,0,0,0,0,0,0,0,0,0,0,0,0,0,0,0,0,0,0,0,0,0,0,0,0,0,0
Sierra_Leone,79769830,0,1.3E-05,1.3E-05,0,1.3E-05,0,0,1.3E-05,0,0,0,1.3E-05,0,0,1.3E-05,2.5E-05,2.5E-05,1.3E-05,1.3E-05,3.8E-05,1.3E-05,1.3E-05,0,1.3E-05,3.8E-05,2.5E-05,1.3E-05,0,8.8E-05,0,1.3E-05,0,1.3E-05,1.3E-05,2.5E-05,3.8E-05,2.5E-05,1.3E-05,0,1.3E-05,0,3.8E-05,0,0,0,2.5E-05,0,1.3E-05,1.3E-05,0,0,0,0,0,0,0,0,0,0,0,0,0,0,0,0,0,0,0,0,0,0,0,0,0,0,0,0,0,0,0,0,0,0,0,0,0,0,0,0,0,0,0,0,0,0,0,0,0,0,0,0,0,0,0,0,0,0,0,0,0,0,0,0,0,0,0,0,0,0,0,0,0,0,0,0,0,0,0,0,0,0,0,0,0,0,0,0,0,0
Singapore,58503420,0,0,0,0,1.7E-05,0,0,0,0,1.7E-05,0,0,0,0,0,0,0,0,0,0,1.7E-05,0,0,0,0,1.7E-05,0,0,0,0,1.7E-05,0,0,0,0,3.4E-05,0,0,1.7E-05,1.7E-05,1.7E-05,1.7E-05,0,0,3.4E-05,0,0,0,0,1.7E-05,0,0,0,0,1.7E-05,0,0,1.7E-05,1.7E-05,0,1.7E-05,1.7E-05,0,0,0,0,0,1.7E-05,1.7E-05,1.7E-05,0,0,0,1.7E-05,0,0,0,0,0,0,0,3.4E-05,0,0,0,0,0,0,0,0,0,0,0,0,0,0,0,0,0,0,0,0,0,0,0,0,0,0,0,0,0,0,0,0,0,0,0,0,0,0,0,0,0,0,0,0,0,0,0,0,0,0,0,0,0,0,0,0,0
Slovakia,54596420,0,0,0,0,0,0,0,0,0,0,0,0,0,0,0,0,0,0,0,0,0,0,0,0,0,1.8E-05,0,0,0,1.8E-05,0,0,0,0,1.8E-05,0,0,1.8E-05,0,1.8E-05,0,1.8E-05,3.7E-05,3.7E-05,0,1.8E-05,0,3.7E-05,1.8E-05,0,1.8E-05,1.8E-05,1.8E-05,3.7E-05,1.8E-05,3.7E-05,7.3E-05,0,0,0,0,0,0,0,0,1.8E-05,0,0,0,0,1.8E-05,0,0,0,0,0,0,0,0,0,-1.8E-05,0,0,0,1.8E-05,0,0,0,0,0,0,0,0,0,0,0,0,0,0,0,0,0,0,0,0,0,0,0,0,0,0,0,0,0,0,0,0,0,0,0,0,0,0,0,0,0,0,0,0,0,0,0,0,0,0,0,0,0,0
Slovenia,20789380,0,0,0,0,0,0,0,0,0,4.8E-05,0,0,0,0,0,4.8E-05,0,4.8E-05,0,0,4.8E-05,4.8E-05,0,0,4.8E-05,0,0,0,4.8E-05,0,0,4.8E-05,4.8E-05,4.8E-05,0,4.8E-05,4.8E-05,4.8E-05,9.6E-05,9.6E-05,4.8E-05,9.6E-05,0.000144,0.000144,4.8E-05,4.8E-05,4.8E-05,4.8E-05,0,9.6E-05,0,0.000144,0.000192,0.000192,0.000241,0,0.000241,4.8E-05,9.6E-05,0.000144,0.000241,9.6E-05,0.000144,0.000192,0.000289,9.6E-05,0.000289,9.6E-05,0.000144,9.6E-05,0,0.000192,0,9.6E-05,0,0.000144,4.8E-05,4.8E-05,4.8E-05,4.8E-05,4.8E-05,0,0,0,0,0,0,0,4.8E-05,0,0,0,0,0,0,0,0,0,0,0,0,0,0,0,0,0,0,0,0,0,0,0,0,0,0,0,0,0,0,0,0,0,0,0,0,0,0,0,0,0,0,0,0,0,0,0,0,0,0
Somalia,158932220,0,6E-06,6E-06,6E-06,1.9E-05,0,0,0,0,6E-06,3.1E-05,6E-06,0,3.1E-05,0,6E-06,3.1E-05,0,0,0,0,1.3E-05,1.3E-05,6E-06,6E-06,1.3E-05,0,6E-06,0,0,6E-06,1.9E-05,2.5E-05,0,3.1E-05,6E-06,1.9E-05,1.9E-05,6E-06,1.9E-05,0,0,0,1.3E-05,1.9E-05,3.1E-05,1.3E-05,0,5E-05,0,0,6E-06,0,6E-06,6E-06,0,1.9E-05,0,6E-06,0,0,0,0,6E-06,0,0,0,0,0,0,0,0,0,0,0,0,0,0,0,0,0,0,0,0,0,0,0,0,0,0,0,0,0,0,0,0,0,0,0,0,0,0,0,0,0,0,0,0,0,0,0,0,0,0,0,0,0,0,0,0,0,0,0,0,0,0,0,0,0,0,0,0,0,0,0,0,0,0,0
South_Africa,593086900,8.1E-05,0.000138,0.000138,7.8E-05,7.4E-05,0.000101,9.4E-05,6.2E-05,8.4E-05,3.7E-05,6.7E-05,5.4E-05,5.7E-05,4.2E-05,4.7E-05,7.3E-05,8.8E-05,3.7E-05,1.7E-05,4.7E-05,5.1E-05,4.6E-05,4.4E-05,3.7E-05,5E-06,2.4E-05,1.5E-05,3.2E-05,2.2E-05,0,2E-05,1.3E-05,1.3E-05,2.9E-05,1.3E-05,8E-06,1.7E-05,1.2E-05,1.3E-05,1.2E-05,2.2E-05,0,1.7E-05,5E-06,5E-06,2E-06,1.2E-05,7E-06,1.7E-05,1.2E-05,0,7E-06,3E-06,3E-06,3E-06,2.4E-05,1.2E-05,0,3E-06,0,2E-06,1E-05,0,8E-06,2E-06,2E-06,3E-06,0,7E-06,0,0,3E-06,2E-06,2E-06,0,2E-06,0,0,0,0,0,0,0,0,0,0,0,0,0,0,0,0,0,0,0,0,0,0,0,0,0,0,0,0,0,0,0,0,0,0,0,0,0,0,0,0,0,0,0,0,0,0,0,0,0,0,0,0,0,0,0,0,0,0,0,0,0,0,0
South_Sudan,111937250,0,0,4.5E-05,3.6E-05,0,0,0,0,0,0,0,0,0,0,1.8E-05,0,0,0,1.8E-05,1.8E-05,0,0,0,0,0,0,3.6E-05,0,0,0,0,0,0,0,0,0,0,0,0,0,0,0,0,0,0,0,0,0,0,0,0,0,0,0,0,0,0,0,0,0,0,0,0,0,0,0,0,0,0,0,0,0,0,0,0,0,0,0,0,0,0,0,0,0,0,0,0,0,0,0,0,0,0,0,0,0,0,0,0,0,0,0,0,0,0,0,0,0,0,0,0,0,0,0,0,0,0,0,0,0,0,0,0,0,0,0,0,0,0,0,0,0,0,0,0,0,0,0,0
Spain,467547780,0,0,0,2E-06,2E-06,2E-06,1.1E-05,2E-06,0,0,4E-06,9E-06,4E-06,4E-06,0,0.000605,-0.004102,0.000158,0.000107,0.001472,0.000111,0.000235,0.000148,0.000312,0,0.000222,0.000295,0.000464,0.000394,0.000376,0.000263,0.000306,0.000383,0.00049,0.000456,0.000522,0.000396,0.000351,0.000351,0.001191,0,0.000573,0.000969,0.000644,0.000708,0.000616,0.000808,0.000785,0.000941,0.00093,0.00092,0.000853,0.000877,8.8E-05,0.001469,0.001298,0.001395,0.000642,0.00117,0.00129,0.001123,0.001356,0.001401,0.001598,0.001506,0.001497,0.001484,0.001602,0.001818,0.002055,0.001974,0.0016,0.001953,0.001756,0.001805,0.001653,0.001536,0.001794,0.001063,0.001153,0.000849,0.00071,0.000456,0.000443,0.000192,0.000409,0.000113,0.000201,0.000133,0.000167,2E-06,4.1E-05,1.5E-05,2.4E-05,1.5E-05,1.1E-05,4E-06,2E-06,2E-06,2E-06,0,0,0,0,0,0,0,0,0,0,0,0,0,0,0,0,0,0,0,0,0,0,0,0,0,0,0,0,0,0,0,0,0,0,0,0,0,0,0
Sri_Lanka,214132490,0,0,0,0,0,0,0,0,0,5E-06,0,0,0,0,0,0,5E-06,0,0,0,0,0,0,0,0,0,0,0,0,0,0,0,0,0,0,0,5E-06,5E-06,0,0,0,0,0,0,0,0,0,0,0,0,0,0,0,0,0,0,0,0,0,0,0,0,0,5E-06,5E-06,0,0,5E-06,0,5E-06,5E-06,0,5E-06,0,5E-06,0,0,0,0,0,0,0,0,0,0,0,0,0,0,0,0,0,0,0,0,0,0,0,0,0,0,0,0,0,0,0,0,0,0,0,0,0,0,0,0,0,0,0,0,0,0,0,0,0,0,0,0,0,0,0,0,0,0,0,0,0,0,0,0
Sudan,438492600,2.7E-05,3.9E-05,3E-05,0,2.7E-05,3.2E-05,4.3E-05,1.6E-05,2.1E-05,2.7E-05,5.5E-05,6.6E-05,8.7E-05,0,5.7E-05,0,1.1E-05,4.3E-05,2.1E-05,3.6E-05,2.3E-05,0,1.4E-05,1.8E-05,0,1.4E-05,2E-06,0,2.3E-05,1.4E-05,9E-06,1.4E-05,1.1E-05,1.6E-05,7E-06,9E-06,9E-06,0,0,1.1E-05,1.1E-05,7E-06,7E-06,7E-06,2E-06,9E-06,2E-06,0,7E-06,2E-06,0,5E-06,0,9E-06,2E-06,0,0,2E-06,5E-06,0,0,0,0,0,0,0,0,0,0,0,0,0,2E-06,0,0,0,0,0,0,0,0,0,0,0,0,0,0,0,0,2E-06,0,0,0,0,0,0,0,0,0,0,0,0,0,0,0,0,0,0,0,0,0,0,0,0,0,0,0,0,0,0,0,0,0,0,0,0,0,0,0,0,0,0,0,0,0,0,0,0,0
Suriname,5866320,0,0,0.00017,0,0,0,0,0,0,0,0,0,0,0,0,0,0,0,0,0,0,0,0,0,0,0,0,0,0,0,0,0,0,0,0,0,0,0,0,0,0,0,0,0,0,0,0,0,0,0,0,0,0,0,0,0,0,0,0,0,0,0,0,0,0,0,0,0,0.00017,0,0,0,0,0,0,0,0,0,0,0,0,0,0,0,0,0,0,0,0,0,0,0,0,0,0,0,0,0,0,0,0,0,0,0,0,0,0,0,0,0,0,0,0,0,0,0,0,0,0,0,0,0,0,0,0,0,0,0,0,0,0,0,0,0,0,0,0,0,0
Sweden,100992650,0.000772,0.000228,0.000347,3E-05,0.000168,0.000762,0.000198,0.000733,0.000644,7.9E-05,0,0.000446,0.000832,0.000455,0.000941,0.000951,0.000307,5.9E-05,0.000663,0.000535,0.000396,0.000871,0.000446,0.000188,5E-05,0.000277,0.001159,0.000683,0.001456,0.000564,0.000307,5E-05,0.000446,0.001337,0.00098,0.000861,0.000842,0.000891,9.9E-05,0.000158,0.000663,0.001228,0.001059,0.000802,0.000792,2E-05,0.000396,0.001297,0.000832,0.001703,0.001832,0.000396,0.000287,0.001099,0.000663,0.001287,0.001683,0.001129,0.000198,0.000119,0.000168,0.000762,0.00105,0.000951,0.001129,0.000753,0.000277,0.000149,0.000495,0.000683,0.000584,0.000337,0.000356,5E-05,0,0.000277,0.000149,0.000257,0.000109,4E-05,1E-05,4E-05,5E-05,1E-05,3E-05,1E-05,3E-05,1E-05,1E-05,0,0,1E-05,0,0,0,0,0,0,0,0,0,0,0,0,0,0,0,0,0,0,0,0,0,0,0,0,0,0,0,0,0,0,0,0,0,0,0,0,0,0,0,0,0,0,0,0,0,0,0
Switzerland,86546220,2.3E-05,0.000127,2.3E-05,0,0,0,0,1.2E-05,0,0,1.2E-05,0,0,2.3E-05,2.3E-05,2.3E-05,8.1E-05,1.2E-05,2.3E-05,5.8E-05,6.9E-05,1.2E-05,5.8E-05,5.8E-05,2.3E-05,1.2E-05,6.9E-05,2.3E-05,3.5E-05,0.000254,0.000139,3.5E-05,8.1E-05,0.00015,5.8E-05,0.000116,0.000127,0.000254,0,9.2E-05,0.000196,0.000243,0.000196,0.000393,0.000635,0.000127,0.000116,0.000462,0.000462,0.000358,0.000566,0.000416,0.000289,0.000474,0.000532,0.000485,0.000751,0.000416,0.00037,0.000809,0.000393,0.000624,0.000612,0.000855,0.000647,0.000578,0.000566,0.000867,0.000635,0.000555,0.000635,0.000855,0.000682,0.000416,0.000381,0.000462,0.000439,0.000358,2.3E-05,0.000254,0.000266,0.000243,0.00015,0.00015,1.2E-05,0.00015,0,1.2E-05,2.3E-05,8.1E-05,0,1.2E-05,1.2E-05,0,1.2E-05,0,0,1.2E-05,0,0,0,0,0,0,0,0,0,0,0,0,0,0,0,0,0,0,0,0,0,0,0,0,0,0,0,0,0,0,0,0,0,0,0,0,0,0,0,0,0
Syria,175006580,0,0,0,0,0,0,0,0,6E-06,0,6E-06,0,0,0,0,0,0,0,0,6E-06,0,0,0,0,0,0,0,0,0,0,0,0,0,0,0,0,0,0,0,0,0,0,0,0,0,0,0,0,0,0,0,0,6E-06,0,0,0,0,0,0,0,0,0,0,0,0,0,0,0,0,0,0,0,6E-06,6E-06,0,0,0,0,0,0,0,0,0,0,0,0,0,0,0,0,0,0,0,0,0,0,0,0,0,0,0,0,0,0,0,0,0,0,0,0,0,0,0,0,0,0,0,0,0,0,0,0,0,0,0,0,0,0,0,0,0,0,0,0,0,0,0,0,0
Taiwan,238167750,0,0,0,0,0,0,0,0,0,0,0,0,0,0,0,0,0,0,0,0,0,0,0,0,0,0,0,0,0,0,4E-06,0,0,0,0,0,0,0,0,0,0,0,0,0,0,0,0,0,0,0,0,0,0,0,0,0,0,0,0,0,0,4E-06,0,0,0,0,0,0,0,0,0,0,1.3E-05,0,0,0,0,0,0,0,0,0,4E-06,0,0,0,0,0,0,0,0,0,0,0,0,0,0,0,0,0,0,0,0,0,0,0,0,0,0,0,0,0,0,0,0,4E-06,0,0,0,0,0,0,0,0,0,0,0,0,0,0,0,0,0,0,0,0,0,0,0
Tajikistan,95376450,0,0,0,0,0,0,0,1E-05,0,0,0,0,0,0,0,1E-05,0,2.1E-05,0,0,3.1E-05,0,0,2.1E-05,3.1E-05,3.1E-05,4.2E-05,6.3E-05,2.1E-05,0,1E-05,0,8.4E-05,0,4.2E-05,3.1E-05,2.1E-05,1E-05,0,2.1E-05,0,0,0,0,0,0,0,0,0,0,0,0,0,0,0,0,0,0,0,0,0,0,0,0,0,0,0,0,0,0,0,0,0,0,0,0,0,0,0,0,0,0,0,0,0,0,0,0,0,0,0,0,0,0,0,0,0,0,0,0,0,0,0,0,0,0,0,0,0,0,0,0,0,0,0,0,0,0,0,0,0,0,0,0,0,0,0,0,0,0,0,0,0,0,0,0,0,0,0
Tanzania,597342180,0,0,0,0,0,0,0,0,0,0,0,0,0,0,0,0,0,0,0,0,0,0,0,0,0,0,0,0,0,0,0,0,0,8E-06,0,0,0,0,0,0,0,0,1E-05,0,0,0,0,0,0,0,0,5E-06,3E-06,0,2E-06,0,2E-06,0,0,0,0,3E-06,0,0,0,0,0,0,0,0,0,2E-06,0,0,0,0,0,0,0,0,0,0,0,0,0,0,0,0,0,0,0,0,0,0,0,0,0,0,0,0,0,0,0,0,0,0,0,0,0,0,0,0,0,0,0,0,0,0,0,0,0,0,0,0,0,0,0,0,0,0,0,0,0,0,0,0,0,0,0
Thailand,697999780,0,0,0,0,0,0,0,0,1E-06,0,0,0,0,0,0,0,1E-06,0,0,0,0,0,0,0,0,0,0,0,0,0,0,0,1E-06,0,0,1E-06,0,0,0,0,0,0,0,3E-06,1E-06,0,0,1E-06,1E-06,1E-06,1E-06,0,0,0,1E-06,4E-06,3E-06,1E-06,3E-06,4E-06,3E-06,1E-06,3E-06,4E-06,1E-06,4E-06,4E-06,1E-06,6E-06,4E-06,3E-06,1E-06,3E-06,1E-06,1E-06,1E-06,0,0,4E-06,0,0,0,0,0,0,0,0,0,0,0,0,0,0,0,0,0,0,0,0,0,0,1E-06,0,0,0,0,0,0,0,0,0,0,0,0,0,0,0,0,0,0,0,0,0,0,0,0,0,0,0,0,0,0,0,0,0,0,0,0,0
Togo,82787240,0,0,0,0,0,0,0,0,0,0,0,0,0,0,0,0,1.2E-05,0,0,0,0,0,0,1.2E-05,0,0,0,0,0,0,0,1.2E-05,0,1.2E-05,0,0,0,0,0,0,0,2.4E-05,1.2E-05,0,0,0,0,0,0,0,0,1.2E-05,0,0,0,2.4E-05,0,0,0,0,0,0,0,0,0,0,0,0,1.2E-05,0,1.2E-05,0,0,0,0,1.2E-05,0,0,0,0,0,0,0,0,0,0,0,0,0,0,0,0,0,0,0,0,0,0,0,0,0,0,0,0,0,0,0,0,0,0,0,0,0,0,0,0,0,0,0,0,0,0,0,0,0,0,0,0,0,0,0,0,0,0,0,0,0,0,0
Trinidad_and_Tobago,13994880,0,0,0,0,0,0,0,0,0,0,0,0,0,0,0,0,0,0,0,0,0,0,0,0,0,0,0,0,0,0,0,0,0,0,0,0,0,0,0,0,0,0,0,0,0,0,0,0,0,0,0,0,0,0,0,0,0,0,0,0,0,0,0,0,0,7.1E-05,7.1E-05,0,7.1E-05,0,0.000143,0,0,0,7.1E-05,7.1E-05,0,7.1E-05,0,0,0,0,0,0,0,0,0,0,0,0,0,0,0,0,0,0,0,0,0,0,0,0,0,0,0,0,0,0,0,0,0,0,0,0,0,0,0,0,0,0,0,0,0,0,0,0,0,0,0,0,0,0,0,0,0,0,0,0,0
Tunisia,118186190,0,0,0,0,0,0,0,8E-06,0,0,0,0,0,0,0,0,0,0,8E-06,0,0,0,8E-06,8E-06,0,0,0,0,0,0,0,0,0,8E-06,8E-06,0,0,8E-06,0,8E-06,0,8E-06,0,8E-06,8E-06,0,0,0,0,0,0,0,8E-06,0,0,1.7E-05,8E-06,0,2.5E-05,2.5E-05,2.5E-05,0,8E-06,8E-06,8E-06,0,3.4E-05,0,3.4E-05,1.7E-05,1.7E-05,1.7E-05,0,0,1.7E-05,0,8E-06,8E-06,8E-06,0,1.7E-05,0,0,8E-06,0,0,0,0,0,0,0,0,0,0,0,0,0,0,0,0,0,0,0,0,0,0,0,0,0,0,0,0,0,0,0,0,0,0,0,0,0,0,0,0,0,0,0,0,0,0,0,0,0,0,0,0,0,0,0
Turkey,843390670,2E-05,2.1E-05,2.3E-05,2.7E-05,2.5E-05,2.1E-05,2.5E-05,2.8E-05,2.6E-05,2.7E-05,3E-05,3.1E-05,3.3E-05,3.6E-05,4E-05,3.3E-05,3.4E-05,3.8E-05,3.8E-05,3.2E-05,3.2E-05,2.7E-05,3.3E-05,3.7E-05,5.2E-05,4.9E-05,5.7E-05,6.5E-05,6.9E-05,6.3E-05,6.5E-05,5.6E-05,5.9E-05,5.7E-05,6.8E-05,7.6E-05,7E-05,7.6E-05,7.2E-05,9.2E-05,1E-04,0.00011,0.000106,0.000109,0.000113,0.000117,0.000126,0.000129,0.000136,0.000139,0.000141,0.000146,0.000151,0.000143,0.000149,0.000148,0.000136,0.000127,0.000116,0.000115,0.000113,0.000116,0.000114,0.000103,9E-05,8.9E-05,8.7E-05,9E-05,8.2E-05,9.4E-05,7.5E-05,5.5E-05,4.4E-05,2.7E-05,1.9E-05,2E-05,1.9E-05,1.8E-05,8E-06,8E-06,2.5E-05,6E-06,1E-06,2E-06,0,1E-06,0,0,0,0,0,0,0,0,0,0,0,0,0,0,0,0,0,0,0,0,0,0,0,0,0,0,0,0,0,0,0,0,0,0,0,0,0,0,0,0,0,0,0,0,0,0,0,0,0,0,0,0,0
Uganda,457410070,0,0,0,0,0,0,0,0,0,0,0,0,0,0,0,0,0,0,0,0,0,0,0,0,0,0,0,0,0,0,0,0,0,0,0,0,0,0,0,0,0,0,0,0,0,0,0,0,0,0,0,0,0,0,0,0,0,0,0,0,0,0,0,0,0,0,0,0,0,0,0,0,0,0,0,0,0,0,0,0,0,0,0,0,0,0,0,0,0,0,0,0,0,0,0,0,0,0,0,0,0,0,0,0,0,0,0,0,0,0,0,0,0,0,0,0,0,0,0,0,0,0,0,0,0,0,0,0,0,0,0,0,0,0,0,0,0,0,0
Ukraine,437337620,5.3E-05,3E-05,2.1E-05,2.5E-05,3.4E-05,3.4E-05,3E-05,2.1E-05,2.1E-05,3.7E-05,2.7E-05,3.9E-05,2.3E-05,2.5E-05,3.2E-05,4.8E-05,1.4E-05,2.7E-05,3.9E-05,2.1E-05,3.4E-05,3.7E-05,3E-05,4.8E-05,3.9E-05,4.8E-05,4.6E-05,3.9E-05,3.2E-05,3.9E-05,3.9E-05,3.4E-05,3.4E-05,4.8E-05,3E-05,2.5E-05,3E-05,3.4E-05,2.1E-05,1.6E-05,2.5E-05,2.5E-05,2.5E-05,4.3E-05,2.5E-05,1.8E-05,0,3.2E-05,3E-05,3E-05,2.3E-05,2.3E-05,1.8E-05,1.8E-05,2.1E-05,1.8E-05,2.3E-05,1.1E-05,2.3E-05,2.3E-05,9E-06,2.7E-05,1.1E-05,1.6E-05,1.6E-05,2E-06,1.1E-05,1.1E-05,1.1E-05,5E-06,7E-06,9E-06,7E-06,2E-06,9E-06,0,0,5E-06,0,0,0,0,2E-06,0,0,2E-06,0,0,0,2E-06,0,0,0,0,0,0,0,0,0,0,0,0,0,0,0,0,0,0,0,0,0,0,0,0,0,0,0,0,0,0,0,0,0,0,0,0,0,0,0,0,0,0,0,0,0,0,0,0,0
United_Arab_Emirates,98904020,1E-05,2E-05,5.1E-05,1E-05,1E-05,1E-05,3E-05,1E-05,3E-05,2E-05,2E-05,2E-05,2E-05,3E-05,2E-05,5.1E-05,3E-05,1E-05,3E-05,4E-05,4E-05,6.1E-05,3E-05,4E-05,6.1E-05,4E-05,2E-05,2E-05,3E-05,2E-05,3E-05,0.000131,0.000111,9.1E-05,8.1E-05,0.000111,9.1E-05,0.000111,7.1E-05,8.1E-05,6.1E-05,7.1E-05,9.1E-05,7.1E-05,6.1E-05,5.1E-05,7.1E-05,8.1E-05,4E-05,6.1E-05,3E-05,2E-05,4E-05,0,2E-05,2E-05,5.1E-05,3E-05,3E-05,2E-05,4E-05,2E-05,2E-05,0,1E-05,1E-05,0,1E-05,1E-05,0,2E-05,1E-05,2E-05,1E-05,0,0,0,0,0,0,0,0,2E-05,0,0,0,0,0,0,0,0,0,0,0,0,0,0,0,0,0,0,0,0,0,0,0,0,0,0,0,0,0,0,0,0,0,0,0,0,0,0,0,0,0,0,0,0,0,0,0,0,0,0,0,0,0,0,0,0
United_Kingdom,678860110,0.000361,0.000424,8.1E-05,0.000113,0.000301,0.000526,0.000259,0.000529,0.000479,0.000819,0.000166,0.000317,0.000477,0.000555,0.000607,0.000197,0.000178,0.000174,0.000415,0.000517,0.000498,0.000536,0.000804,0.000236,0.00025,0.000689,0.000567,0.000632,0.000729,0.000925,0.000311,0.000395,0.00051,0.000924,0.000794,0.000956,0.001019,0.000426,0.000464,0.000916,0.001092,0.000996,0.001174,0.001342,0.000502,0.000619,0.001243,0.001492,0.001074,0.001248,0.001726,0.000832,0.000735,0.001647,0.001379,0.001522,0.001246,0.001544,0.001097,0.001011,0.001237,0.001698,0.001626,0.001526,0.001529,0.000841,0.000952,0.001121,0.001053,0.00096,0.000988,0.000564,0.000551,0.000317,0.000433,0.000418,0.000271,0.000274,0.000219,0.000109,5.2E-05,8.2E-05,5.3E-05,6.3E-05,5E-05,2.4E-05,3.4E-05,2.2E-05,2.7E-05,1E-06,3E-06,0,6E-06,1E-06,0,1E-06,1E-06,0,0,0,0,0,0,0,0,0,0,0,0,0,0,0,0,0,0,0,0,0,0,0,0,0,0,0,0,0,0,0,0,0,0,0,0,0,0,0,0,0,0
Uruguay,34737300,0,0,0,0,0,0,0,0,0,2.9E-05,0,0,0,0,0,0,0,0,5.8E-05,0,0,0,0,0,2.9E-05,0,0,0,0,0,0,2.9E-05,0,2.9E-05,0,0,0,0,0,0,0,5.8E-05,0,0,0,2.9E-05,5.8E-05,0,0,0,5.8E-05,0,2.9E-05,0,0,0,2.9E-05,0,2.9E-05,0,0,0,0,0,2.9E-05,0,2.9E-05,2.9E-05,0,5.8E-05,2.9E-05,0,0,0,2.9E-05,0,0,0,0,0,0,0,0,0,0,0,0,0,0,0,0,0,0,0,0,0,0,0,0,0,0,0,0,0,0,0,0,0,0,0,0,0,0,0,0,0,0,0,0,0,0,0,0,0,0,0,0,0,0,0,0,0,0,0,0,0,0,0,0
Uzbekistan,334692030,3E-06,0,3E-06,0,3E-06,0,0,3E-06,0,0,3E-06,0,0,0,0,3E-06,0,0,0,0,0,0,0,3E-06,3E-06,0,0,0,3E-06,0,0,0,0,0,0,0,0,0,3E-06,0,0,0,3E-06,0,0,0,0,3E-06,0,3E-06,3E-06,0,0,3E-06,0,0,0,0,0,0,3E-06,0,0,3E-06,0,0,0,0,0,0,0,0,0,0,3E-06,3E-06,0,0,0,0,0,0,0,0,0,0,0,0,0,0,0,0,0,0,0,0,0,0,0,0,0,0,0,0,0,0,0,0,0,0,0,0,0,0,0,0,0,0,0,0,0,0,0,0,0,0,0,0,0,0,0,0,0,0,0,0,0,0,0
Venezuela,284359400,0,4E-06,0,0,7E-06,0,0,7E-06,4E-06,1.1E-05,0,0,1.1E-05,0,0,4E-06,0,0,0,0,0,0,0,0,0,0,0,0,0,0,0,0,0,0,0,0,0,0,0,0,-2.1E-05,2.1E-05,0,0,0,0,0,0,0,0,4E-06,0,0,0,0,0,0,0,0,0,0,0,0,7E-06,0,0,0,0,7E-06,7E-06,0,0,4E-06,0,4E-06,4E-06,0,0,0,0,0,0,0,0,0,0,0,0,0,0,0,0,0,0,0,0,0,0,0,0,0,0,0,0,0,0,0,0,0,0,0,0,0,0,0,0,0,0,0,0,0,0,0,0,0,0,0,0,0,0,0,0,0,0,0,0,0,0,0
Vietnam,973385790,0,0,0,0,0,0,0,0,0,0,0,0,0,0,0,0,0,0,0,0,0,0,0,0,0,0,0,0,0,0,0,0,0,0,0,0,0,0,0,0,0,0,0,0,0,0,0,0,0,0,0,0,0,0,0,0,0,0,0,0,0,0,0,0,0,0,0,0,0,0,0,0,0,0,0,0,0,0,0,0,0,0,0,0,0,0,0,0,0,0,0,0,0,0,0,0,0,0,0,0,0,0,0,0,0,0,0,0,0,0,0,0,0,0,0,0,0,0,0,0,0,0,0,0,0,0,0,0,0,0,0,0,0,0,0,0,0,0,0
Western_Sahara,5973390,0,0,0,0,0,0,0,0,0,0,0,0,0,0,0,0.000167,0,0,0,0,0,0,0,0,0,0,0,0,0,0,0,0,0,0,0,0,0,0,0,0,0,0,0,0,0,0,0,0,0,0,0,0,0,0,0,0,0,0,0,0,0,0,0,0,0,0,0,0,0,0,0,0,0,0,0,0,0,0,0,0,0,0,0,0,0,0,0,0,0,0,0,0,0,0,0,0,0,0,0,0,0,0,0,0,0,0,0,0,0,0,0,0,0,0,0,0,0,0,0,0,0,0,0,0,0,0,0,0,0,0,0,0,0,0,0,0,0,0,0
Yemen,298259640,7E-06,5E-05,0,3E-06,0,2.7E-05,2.7E-05,2.7E-05,1E-05,1.3E-05,1E-05,4E-05,2.7E-05,1.3E-05,1.3E-05,1.7E-05,7E-06,1E-05,2E-05,0,1E-05,7E-06,2.7E-05,0,7E-06,1E-05,1E-05,0,7E-06,3E-06,3E-06,3E-06,0,7E-06,0,3E-06,7E-06,0,0,0,0,7E-06,0,0,0,0,0,0,0,0,0,0,0,0,0,0,0,0,0,0,0,0,0,0,0,0,0,0,0,0,0,0,0,0,0,0,0,0,0,0,0,0,0,0,0,0,0,0,0,0,0,0,0,0,0,0,0,0,0,0,0,0,0,0,0,0,0,0,0,0,0,0,0,0,0,0,0,0,0,0,0,0,0,0,0,0,0,0,0,0,0,0,0,0,0,0,0,0,0
Zambia,183839550,0,0,1.6E-05,0,0,0,0,0,0,0,0,0,0,0,0,0,0,0,0,0,0,0,0,0,0,0,0,0,0,0,0,0,1.6E-05,0,0,5E-06,0,0,0,0,0,0,0,0,0,0,0,0,0,0,0,0,5E-06,0,0,0,0,0,0,0,0,5E-06,0,0,0,0,0,0,0,5E-06,0,0,0,0,0,0,0,0,0,0,0,0,0,0,0,0,0,0,0,0,0,0,0,0,0,0,0,0,0,0,0,0,0,0,0,0,0,0,0,0,0,0,0,0,0,0,0,0,0,0,0,0,0,0,0,0,0,0,0,0,0,0,0,0,0,0,0,0,0
Zimbabwe,148629240,0,0,0,0,0,0,0,0,0,0,0,0,0,0,0,0,0,0,0,0,0,0,0,0,0,0,0,0,0,0,0,0,0,0,0,0,0,0,0,0,0,0,0,0,0,0,0,0,0,7E-06,0,0,0,0,0,0,0,0,0,0,0,0,0,7E-06,7E-06,0,0,0,0,0,0,0,0,0,0,0,0,0,0,7E-06,0,0,0,0,0,0,0,0,0,0,0,0,0,0,0,0,0,0,0,0,0,0,0,0,0,0,0,0,0,0,0,0,0,0,0,0,0,0,0,0,0,0,0,0,0,0,0,0,0,0,0,0,0,0,0,0,0,0,0
